dealer_id,vehicle_id,sale_date,sale_price,name,location,rating,servicecenter_id,model,make,price,center_name,service_location
63,5,2025-02-02,64590,Briggs and Sons,East Robertton,3.6,38,quickly,sing,63141,Potter Ltd,Michelletown
58,248,2025-01-29,90550,Wyatt Group,West Jamie,2.3,7,your,may,27787,Watson-Tyler,North Stephaniemouth
63,99,2025-01-29,84400,Briggs and Sons,East Robertton,3.6,38,present,stage,23619,Potter Ltd,Michelletown
56,229,2025-01-16,31962,"Mosley, Huff and Benson",Billyville,1.3,28,generation,child,28925,Mcdonald and Sons,Beckerberg
61,99,2025-02-22,20915,Morris LLC,Herreraburgh,4.7,45,present,stage,23619,Brock Group,West Jennifer
64,322,2025-02-17,85487,Cunningham Group,Nelsonburgh,3.5,2,main,peace,86973,Ryan and Sons,Skinnermouth
2,204,2025-01-27,13303,"Young, Watson and Martin",Donnaton,4.1,32,necessary,yes,26631,"Stevenson, Parker and Flowers",Port Parkerton
60,359,2025-01-24,23580,"Schroeder, Romero and Mullins",East Ashley,3.5,19,many,data,55018,Thomas Ltd,West Katrinastad
2,226,2025-01-22,38349,"Young, Watson and Martin",Donnaton,4.1,32,still,relate,24914,"Stevenson, Parker and Flowers",Port Parkerton
18,37,2025-01-28,49023,Bolton and Sons,East Jessicafurt,3.0,21,three,Republican,81216,Carlson Inc,South Adam
36,155,2025-02-01,47867,"Manning, Maddox and Cabrera",East Amy,2.3,2,compare,water,25163,Ryan and Sons,Skinnermouth
54,69,2025-02-20,33338,"Clark, Nguyen and Oneill",Jenniferville,4.1,17,again,pass,28014,Parks and Sons,New Megan
83,259,2025-02-07,88867,"Mccarthy, King and Thomas",Bennettbury,1.7,46,citizen,theory,82292,Berry-Gibbs,East James
57,433,2025-01-23,48221,"Hansen, Bates and Carson",South Jamieshire,4.9,4,person,economic,94912,Dalton LLC,South Sandra
40,259,2025-01-24,91491,"Bridges, Hahn and Rodriguez",Bullockchester,2.6,27,citizen,theory,82292,"Hawkins, Gonzalez and Ramirez",South April
55,198,2025-01-26,14174,Carroll Group,East Matthewport,3.9,25,age,effort,88628,"Maddox, Long and Blackburn",North Nicole
17,49,2025-02-10,31668,Bowman-Padilla,Lake Nathan,3.7,14,experience,reflect,30237,"Green, Anderson and Contreras",Port Michele
70,63,2025-02-17,84428,"Jordan, Evans and Wilkerson",Paigeview,4.8,3,own,room,65849,"Brown, Potter and Wade",Kylemouth
17,359,2025-01-18,31796,Bowman-Padilla,Lake Nathan,3.7,14,many,data,55018,"Green, Anderson and Contreras",Port Michele
44,483,2025-02-10,90535,"Burch, Lopez and Campos",Gilbertville,4.4,37,put,item,17867,Flores Ltd,Kellyport
2,373,2025-02-02,16091,"Young, Watson and Martin",Donnaton,4.1,32,church,pull,79712,"Stevenson, Parker and Flowers",Port Parkerton
38,259,2025-01-15,43949,"Shields, Singleton and Ward",New Danielle,2.1,39,citizen,theory,82292,Bray Group,West Heather
5,181,2025-01-19,78732,Michael-Williams,Port Denise,4.3,36,hit,treatment,73731,Mitchell Group,Lindseyview
52,174,2025-02-18,43002,Miller-Cross,East Jason,4.3,1,along,truth,61475,"Lee, Flowers and Garcia",Kingville
42,491,2025-01-13,75990,Grant-Ellis,New Laurenside,1.3,21,operation,attack,46325,Carlson Inc,South Adam
41,383,2025-01-08,56481,"Walker, Fuentes and Vaughan",New Robertmouth,3.4,9,expert,then,71448,Gardner-Hall,Lake Jamie
70,169,2025-02-06,21498,"Jordan, Evans and Wilkerson",Paigeview,4.8,3,under,miss,94363,"Brown, Potter and Wade",Kylemouth
43,176,2025-01-26,14350,"Miller, Howell and Bryant",Toddview,4.7,1,arm,key,39444,"Lee, Flowers and Garcia",Kingville
22,74,2025-01-27,52018,Cain-Burnett,North Adrian,4.3,44,husband,authority,61972,"Young, Smith and Dyer",South Brandonbury
40,477,2025-01-26,51565,"Bridges, Hahn and Rodriguez",Bullockchester,2.6,27,leg,wife,50937,"Hawkins, Gonzalez and Ramirez",South April
2,62,2025-02-21,14739,"Young, Watson and Martin",Donnaton,4.1,32,total,its,41310,"Stevenson, Parker and Flowers",Port Parkerton
86,477,2025-02-10,49716,"Olsen, Stanley and Wright",West Christophertown,4.2,28,leg,wife,50937,Mcdonald and Sons,Beckerberg
21,348,2025-02-09,24464,"Washington, Mills and Evans",East Eddieshire,1.5,24,traditional,produce,33003,Quinn-Mitchell,East Kimberly
30,431,2025-01-01,26869,"Martinez, Andrews and Rodriguez",West Cristina,1.3,23,control,common,44055,Dalton-Long,Caseborough
5,152,2025-02-21,26020,Michael-Williams,Port Denise,4.3,36,specific,own,52183,Mitchell Group,Lindseyview
71,75,2025-01-06,80596,"Johnston, Ward and Farrell",Port Douglaston,2.2,26,live,protect,86439,Martin Inc,New Samanthaside
47,150,2025-01-26,97707,Scott-Hudson,Raymondhaven,1.4,23,better,edge,86592,Dalton-Long,Caseborough
67,455,2025-01-07,41645,Lambert-Whitney,Downsborough,3.5,24,onto,to,37638,Quinn-Mitchell,East Kimberly
61,422,2025-01-22,31696,Morris LLC,Herreraburgh,4.7,45,cut,girl,39807,Brock Group,West Jennifer
49,44,2025-02-10,84261,Roberts and Sons,West Deanna,2.4,36,easy,should,43313,Mitchell Group,Lindseyview
76,496,2025-01-01,32727,"Delgado, Chambers and Smith",Port Rodney,4.0,1,some,professional,69432,"Lee, Flowers and Garcia",Kingville
5,226,2025-01-13,80250,Michael-Williams,Port Denise,4.3,36,still,relate,24914,Mitchell Group,Lindseyview
56,100,2025-01-16,95340,"Mosley, Huff and Benson",Billyville,1.3,28,someone,very,13144,Mcdonald and Sons,Beckerberg
40,287,2025-01-04,79189,"Bridges, Hahn and Rodriguez",Bullockchester,2.6,27,easy,control,61707,"Hawkins, Gonzalez and Ramirez",South April
10,454,2025-01-05,15051,Diaz PLC,Petershire,3.1,11,everybody,six,23228,Adams Ltd,East Tinachester
36,172,2025-01-30,60809,"Manning, Maddox and Cabrera",East Amy,2.3,2,up,gas,72513,Ryan and Sons,Skinnermouth
66,415,2025-01-27,40419,Phillips Ltd,South Tonytown,3.9,18,air,feel,81510,Price LLC,New Josephmouth
98,236,2025-01-08,53415,Edwards-Sutton,East Stephanie,1.4,16,lead,official,59261,"Watson, Frazier and Jones",Hubershire
16,153,2025-02-05,97820,"Baker, Smith and Cochran",East Lori,1.0,32,idea,seek,35817,"Stevenson, Parker and Flowers",Port Parkerton
70,57,2025-02-02,80561,"Jordan, Evans and Wilkerson",Paigeview,4.8,3,investment,hand,80823,"Brown, Potter and Wade",Kylemouth
28,104,2025-02-16,17911,Ward-Boyd,Michaelborough,4.1,25,and,reality,97999,"Maddox, Long and Blackburn",North Nicole
55,266,2025-02-02,12575,Carroll Group,East Matthewport,3.9,25,lot,shoulder,76536,"Maddox, Long and Blackburn",North Nicole
48,267,2025-02-06,58213,"Lowery, Larson and King",New Joshuaburgh,4.1,32,goal,face,42150,"Stevenson, Parker and Flowers",Port Parkerton
5,382,2025-01-10,36067,Michael-Williams,Port Denise,4.3,36,usually,meet,50607,Mitchell Group,Lindseyview
52,139,2025-02-05,40504,Miller-Cross,East Jason,4.3,1,program,strong,77810,"Lee, Flowers and Garcia",Kingville
80,423,2025-01-03,36093,"Bradley, Stevens and Matthews",Jennyville,2.4,3,decade,interest,90866,"Brown, Potter and Wade",Kylemouth
73,81,2025-02-15,45138,Jones Group,East Stacey,2.1,44,mouth,teach,10798,"Young, Smith and Dyer",South Brandonbury
25,327,2025-01-25,75457,Hill PLC,New Jeremy,1.8,16,phone,matter,80080,"Watson, Frazier and Jones",Hubershire
28,127,2025-02-16,21936,Ward-Boyd,Michaelborough,4.1,25,site,trouble,34682,"Maddox, Long and Blackburn",North Nicole
52,412,2025-01-20,25484,Miller-Cross,East Jason,4.3,1,book,one,94542,"Lee, Flowers and Garcia",Kingville
62,482,2025-01-25,46872,Harris PLC,Jamesfurt,1.7,12,pattern,often,51803,Sullivan and Sons,Kaufmanland
98,367,2025-02-02,20334,Edwards-Sutton,East Stephanie,1.4,16,its,their,97627,"Watson, Frazier and Jones",Hubershire
55,381,2025-01-05,44810,Carroll Group,East Matthewport,3.9,25,majority,per,18153,"Maddox, Long and Blackburn",North Nicole
89,203,2025-01-06,42879,Vazquez LLC,North Luis,4.0,12,note,reality,92685,Sullivan and Sons,Kaufmanland
5,469,2025-02-20,79820,Michael-Williams,Port Denise,4.3,36,their,last,32841,Mitchell Group,Lindseyview
48,366,2025-01-01,89838,"Lowery, Larson and King",New Joshuaburgh,4.1,32,good,forward,21835,"Stevenson, Parker and Flowers",Port Parkerton
97,425,2025-01-15,87189,"Tapia, Moore and Bryant",Lake Angelmouth,2.2,10,garden,ever,25928,Duke Inc,West Christopher
72,251,2025-01-07,39356,"Meyer, Howard and Reyes",Rubentown,1.1,30,reveal,need,96355,Smith-Anderson,New Georgefort
66,444,2025-02-08,20132,Phillips Ltd,South Tonytown,3.9,18,film,now,36794,Price LLC,New Josephmouth
86,228,2025-01-07,57799,"Olsen, Stanley and Wright",West Christophertown,4.2,28,cold,produce,16020,Mcdonald and Sons,Beckerberg
56,298,2025-01-31,63442,"Mosley, Huff and Benson",Billyville,1.3,28,too,perhaps,76748,Mcdonald and Sons,Beckerberg
49,286,2025-02-13,69742,Roberts and Sons,West Deanna,2.4,36,one,that,53330,Mitchell Group,Lindseyview
89,173,2025-01-10,78295,Vazquez LLC,North Luis,4.0,12,weight,push,71269,Sullivan and Sons,Kaufmanland
64,80,2025-01-19,11705,Cunningham Group,Nelsonburgh,3.5,2,majority,rate,94086,Ryan and Sons,Skinnermouth
100,403,2025-01-19,26719,"Howell, Brown and Jones",Heidistad,1.3,16,body,hospital,24456,"Watson, Frazier and Jones",Hubershire
17,421,2025-01-05,74637,Bowman-Padilla,Lake Nathan,3.7,14,each,break,56270,"Green, Anderson and Contreras",Port Michele
95,337,2025-02-20,84241,Boyd Ltd,Lake Sean,1.4,15,entire,analysis,96682,Shaw-King,West Maryside
3,449,2025-01-17,22430,"Sanders, Jacobs and Cunningham",East Kimberlychester,3.8,30,official,security,34763,Smith-Anderson,New Georgefort
96,476,2025-01-24,48922,Moss-Peck,Natashaview,4.2,46,summer,do,58007,Berry-Gibbs,East James
92,39,2025-01-17,52440,Combs-Lawrence,North Gregory,4.1,35,already,pay,48187,"Todd, Freeman and Price",Timothymouth
47,43,2025-02-18,73554,Scott-Hudson,Raymondhaven,1.4,23,data,avoid,95353,Dalton-Long,Caseborough
73,258,2025-01-24,58708,Jones Group,East Stacey,2.1,44,first,ready,70353,"Young, Smith and Dyer",South Brandonbury
59,87,2025-01-24,66291,Atkinson Ltd,Reedview,3.0,10,certainly,particular,27606,Duke Inc,West Christopher
83,490,2025-01-08,42325,"Mccarthy, King and Thomas",Bennettbury,1.7,46,group,same,28815,Berry-Gibbs,East James
29,229,2025-01-22,48273,"Shah, Lara and Patel",Popeshire,1.2,30,generation,child,28925,Smith-Anderson,New Georgefort
88,95,2025-01-27,31610,Perez PLC,Lake Sarah,1.6,6,toward,what,18306,Webster and Sons,Valenciaburgh
23,304,2025-02-14,45120,"Kaiser, Ward and Scott",East Dennis,4.5,20,thought,guy,18122,Freeman Ltd,Lake Hunterbury
100,31,2025-02-02,58231,"Howell, Brown and Jones",Heidistad,1.3,16,assume,there,51817,"Watson, Frazier and Jones",Hubershire
69,223,2025-02-05,74620,Freeman-Hudson,Valenzuelaton,3.7,33,animal,natural,21866,Horton Ltd,Michaelbury
51,455,2025-01-29,98711,"Sanchez, Hayden and Brown",South Isaac,3.6,11,onto,to,37638,Adams Ltd,East Tinachester
26,233,2025-01-15,13250,Estes Inc,Lesliehaven,2.9,32,treat,life,59991,"Stevenson, Parker and Flowers",Port Parkerton
36,217,2025-02-04,52559,"Manning, Maddox and Cabrera",East Amy,2.3,2,commercial,attack,95054,Ryan and Sons,Skinnermouth
63,227,2025-01-26,18012,Briggs and Sons,East Robertton,3.6,38,PM,moment,52025,Potter Ltd,Michelletown
20,189,2025-01-01,12592,"Cooper, Santana and Patel",Jimenezbury,2.8,3,camera,computer,88092,"Brown, Potter and Wade",Kylemouth
97,235,2025-01-14,56670,"Tapia, Moore and Bryant",Lake Angelmouth,2.2,10,public,inside,42204,Duke Inc,West Christopher
4,65,2025-01-18,11720,"Gutierrez, Griffin and Tucker",Shannonchester,3.8,36,agree,method,95422,Mitchell Group,Lindseyview
31,126,2025-01-13,52040,Jensen-Hernandez,Lake Shelby,5.0,24,anyone,just,76371,Quinn-Mitchell,East Kimberly
15,266,2025-02-13,30290,"Mcbride, Williams and Davis",Lake Lisaborough,2.1,3,lot,shoulder,76536,"Brown, Potter and Wade",Kylemouth
68,319,2025-02-07,61647,Riley-Guerrero,New Jamesstad,2.8,10,test,care,33422,Duke Inc,West Christopher
87,186,2025-02-20,77416,"Frey, Moody and Williams",East Emily,2.4,42,police,reveal,30816,Jimenez-Sanders,West Jose
92,351,2025-01-13,49194,Combs-Lawrence,North Gregory,4.1,35,industry,talk,27851,"Todd, Freeman and Price",Timothymouth
83,313,2025-01-22,12633,"Mccarthy, King and Thomas",Bennettbury,1.7,46,stop,hit,47105,Berry-Gibbs,East James
5,191,2025-02-03,39568,Michael-Williams,Port Denise,4.3,36,power,process,83697,Mitchell Group,Lindseyview
92,180,2025-02-04,38629,Combs-Lawrence,North Gregory,4.1,35,hot,really,59251,"Todd, Freeman and Price",Timothymouth
86,247,2025-01-08,95874,"Olsen, Stanley and Wright",West Christophertown,4.2,28,discover,course,28791,Mcdonald and Sons,Beckerberg
59,472,2025-02-17,32514,Atkinson Ltd,Reedview,3.0,10,one,life,81721,Duke Inc,West Christopher
23,122,2025-01-23,96334,"Kaiser, Ward and Scott",East Dennis,4.5,20,until,beautiful,77012,Freeman Ltd,Lake Hunterbury
47,83,2025-02-17,14214,Scott-Hudson,Raymondhaven,1.4,23,trade,arm,85004,Dalton-Long,Caseborough
100,478,2025-01-15,93926,"Howell, Brown and Jones",Heidistad,1.3,16,difference,still,12491,"Watson, Frazier and Jones",Hubershire
17,412,2025-01-31,27284,Bowman-Padilla,Lake Nathan,3.7,14,book,one,94542,"Green, Anderson and Contreras",Port Michele
55,100,2025-01-27,86530,Carroll Group,East Matthewport,3.9,25,someone,very,13144,"Maddox, Long and Blackburn",North Nicole
97,394,2025-01-04,42171,"Tapia, Moore and Bryant",Lake Angelmouth,2.2,10,impact,deal,72438,Duke Inc,West Christopher
98,496,2025-01-18,49645,Edwards-Sutton,East Stephanie,1.4,16,some,professional,69432,"Watson, Frazier and Jones",Hubershire
78,206,2025-02-08,99926,Smith-Macdonald,Shirleyside,3.1,29,nothing,fire,24070,"Spears, Silva and Jones",Pattersonchester
85,282,2025-01-22,25356,Smith Group,Yolandastad,4.8,16,woman,today,11870,"Watson, Frazier and Jones",Hubershire
100,288,2025-01-31,63476,"Howell, Brown and Jones",Heidistad,1.3,16,fine,production,87529,"Watson, Frazier and Jones",Hubershire
43,319,2025-01-01,33492,"Miller, Howell and Bryant",Toddview,4.7,1,test,care,33422,"Lee, Flowers and Garcia",Kingville
45,468,2025-01-31,23520,"Alvarez, Kelley and Chavez",Mitchellborough,1.3,6,pressure,here,17194,Webster and Sons,Valenciaburgh
45,156,2025-02-08,32998,"Alvarez, Kelley and Chavez",Mitchellborough,1.3,6,human,focus,71828,Webster and Sons,Valenciaburgh
91,142,2025-01-20,50835,Oliver PLC,Port Paul,4.3,3,just,thing,67370,"Brown, Potter and Wade",Kylemouth
95,434,2025-01-08,26371,Boyd Ltd,Lake Sean,1.4,15,article,several,14368,Shaw-King,West Maryside
46,495,2025-01-03,58734,Skinner-Owens,West Lindsey,1.2,41,study,employee,37877,Vasquez PLC,West Kelseyside
72,157,2025-01-27,29116,"Meyer, Howard and Reyes",Rubentown,1.1,30,like,top,58504,Smith-Anderson,New Georgefort
67,193,2025-01-06,90859,Lambert-Whitney,Downsborough,3.5,24,factor,man,26825,Quinn-Mitchell,East Kimberly
62,460,2025-02-03,73927,Harris PLC,Jamesfurt,1.7,12,available,both,84158,Sullivan and Sons,Kaufmanland
74,145,2025-02-15,11459,Wright-Anderson,New Terryville,1.7,45,stay,wear,77656,Brock Group,West Jennifer
73,248,2025-01-12,77371,Jones Group,East Stacey,2.1,44,your,may,27787,"Young, Smith and Dyer",South Brandonbury
76,146,2025-02-17,30248,"Delgado, Chambers and Smith",Port Rodney,4.0,1,seem,science,61051,"Lee, Flowers and Garcia",Kingville
59,183,2025-01-31,40820,Atkinson Ltd,Reedview,3.0,10,church,relate,52353,Duke Inc,West Christopher
22,309,2025-01-12,73842,Cain-Burnett,North Adrian,4.3,44,free,modern,47659,"Young, Smith and Dyer",South Brandonbury
8,498,2025-01-26,32880,"Jones, Ellis and Raymond",Joshuastad,4.4,44,lose,say,53963,"Young, Smith and Dyer",South Brandonbury
13,452,2025-01-04,19192,Thompson-Jimenez,Hughesborough,2.1,30,want,have,45281,Smith-Anderson,New Georgefort
34,91,2025-02-06,10648,Cowan-Bailey,Cookmouth,1.3,18,recognize,country,11117,Price LLC,New Josephmouth
98,179,2025-01-04,62549,Edwards-Sutton,East Stephanie,1.4,16,among,less,62200,"Watson, Frazier and Jones",Hubershire
95,332,2025-01-25,96524,Boyd Ltd,Lake Sean,1.4,15,fact,then,76428,Shaw-King,West Maryside
99,233,2025-02-09,97219,"Flores, Phillips and Rojas",New Sarah,3.9,33,treat,life,59991,Horton Ltd,Michaelbury
5,67,2025-02-22,91077,Michael-Williams,Port Denise,4.3,36,city,child,24909,Mitchell Group,Lindseyview
98,176,2025-02-14,17601,Edwards-Sutton,East Stephanie,1.4,16,arm,key,39444,"Watson, Frazier and Jones",Hubershire
64,339,2025-02-16,56076,Cunningham Group,Nelsonburgh,3.5,2,appear,even,15260,Ryan and Sons,Skinnermouth
79,403,2025-01-12,81031,Campos-Sharp,Port Carla,3.1,10,body,hospital,24456,Duke Inc,West Christopher
56,350,2025-02-12,46332,"Mosley, Huff and Benson",Billyville,1.3,28,physical,history,15777,Mcdonald and Sons,Beckerberg
26,484,2025-02-16,24263,Estes Inc,Lesliehaven,2.9,32,material,throughout,51054,"Stevenson, Parker and Flowers",Port Parkerton
45,298,2025-01-15,98971,"Alvarez, Kelley and Chavez",Mitchellborough,1.3,6,too,perhaps,76748,Webster and Sons,Valenciaburgh
54,110,2025-01-15,94553,"Clark, Nguyen and Oneill",Jenniferville,4.1,17,last,green,33920,Parks and Sons,New Megan
54,21,2025-01-04,27676,"Clark, Nguyen and Oneill",Jenniferville,4.1,17,hotel,then,53468,Parks and Sons,New Megan
84,266,2025-02-04,83893,"Taylor, Green and Duncan",South Brianburgh,2.3,26,lot,shoulder,76536,Martin Inc,New Samanthaside
27,348,2025-02-22,89787,Brown Inc,New Jennifertown,3.5,6,traditional,produce,33003,Webster and Sons,Valenciaburgh
31,57,2025-01-19,83609,Jensen-Hernandez,Lake Shelby,5.0,24,investment,hand,80823,Quinn-Mitchell,East Kimberly
2,230,2025-01-31,16098,"Young, Watson and Martin",Donnaton,4.1,32,off,indicate,10661,"Stevenson, Parker and Flowers",Port Parkerton
71,415,2025-02-16,99794,"Johnston, Ward and Farrell",Port Douglaston,2.2,26,air,feel,81510,Martin Inc,New Samanthaside
94,331,2025-01-28,68180,Joseph and Sons,Lake Andrea,4.8,40,to,skin,62201,Williams Inc,New Brittanyburgh
66,145,2025-02-18,80467,Phillips Ltd,South Tonytown,3.9,18,stay,wear,77656,Price LLC,New Josephmouth
83,319,2025-01-30,84864,"Mccarthy, King and Thomas",Bennettbury,1.7,46,test,care,33422,Berry-Gibbs,East James
43,385,2025-01-11,75373,"Miller, Howell and Bryant",Toddview,4.7,1,full,speech,34772,"Lee, Flowers and Garcia",Kingville
79,191,2025-02-12,18653,Campos-Sharp,Port Carla,3.1,10,power,process,83697,Duke Inc,West Christopher
62,431,2025-02-03,52156,Harris PLC,Jamesfurt,1.7,12,control,common,44055,Sullivan and Sons,Kaufmanland
11,30,2025-02-06,84882,"Johnson, Fitzpatrick and Luna",Gonzalezburgh,1.3,21,site,reality,57281,Carlson Inc,South Adam
16,95,2025-01-15,31346,"Baker, Smith and Cochran",East Lori,1.0,32,toward,what,18306,"Stevenson, Parker and Flowers",Port Parkerton
27,494,2025-01-30,39036,Brown Inc,New Jennifertown,3.5,6,experience,market,38673,Webster and Sons,Valenciaburgh
35,364,2025-02-19,48450,"Rivers, Carter and Perez",Clarkberg,2.9,25,fight,human,42634,"Maddox, Long and Blackburn",North Nicole
56,338,2025-01-17,71395,"Mosley, Huff and Benson",Billyville,1.3,28,image,any,70672,Mcdonald and Sons,Beckerberg
76,449,2025-01-13,96028,"Delgado, Chambers and Smith",Port Rodney,4.0,1,official,security,34763,"Lee, Flowers and Garcia",Kingville
45,404,2025-01-20,24503,"Alvarez, Kelley and Chavez",Mitchellborough,1.3,6,part,this,43630,Webster and Sons,Valenciaburgh
14,379,2025-01-17,80230,Johnston Group,East Justinbury,2.2,32,democratic,magazine,93306,"Stevenson, Parker and Flowers",Port Parkerton
67,497,2025-01-01,30155,Lambert-Whitney,Downsborough,3.5,24,only,beautiful,50401,Quinn-Mitchell,East Kimberly
25,121,2025-01-25,56889,Hill PLC,New Jeremy,1.8,16,husband,learn,91349,"Watson, Frazier and Jones",Hubershire
4,298,2025-01-21,84097,"Gutierrez, Griffin and Tucker",Shannonchester,3.8,36,too,perhaps,76748,Mitchell Group,Lindseyview
47,350,2025-02-08,26452,Scott-Hudson,Raymondhaven,1.4,23,physical,history,15777,Dalton-Long,Caseborough
69,285,2025-01-24,99785,Freeman-Hudson,Valenzuelaton,3.7,33,whole,plan,58568,Horton Ltd,Michaelbury
92,393,2025-01-19,88444,Combs-Lawrence,North Gregory,4.1,35,box,go,60583,"Todd, Freeman and Price",Timothymouth
80,15,2025-02-21,59377,"Bradley, Stevens and Matthews",Jennyville,2.4,3,less,which,41141,"Brown, Potter and Wade",Kylemouth
87,331,2025-02-19,18233,"Frey, Moody and Williams",East Emily,2.4,42,to,skin,62201,Jimenez-Sanders,West Jose
26,400,2025-02-10,90064,Estes Inc,Lesliehaven,2.9,32,safe,lay,10199,"Stevenson, Parker and Flowers",Port Parkerton
88,193,2025-01-23,34135,Perez PLC,Lake Sarah,1.6,6,factor,man,26825,Webster and Sons,Valenciaburgh
53,347,2025-02-21,43739,Hunter Group,Bennettfort,2.5,21,find,positive,47956,Carlson Inc,South Adam
20,233,2025-01-24,52118,"Cooper, Santana and Patel",Jimenezbury,2.8,3,treat,life,59991,"Brown, Potter and Wade",Kylemouth
28,281,2025-01-18,99316,Ward-Boyd,Michaelborough,4.1,25,ball,nation,67521,"Maddox, Long and Blackburn",North Nicole
10,277,2025-01-06,54272,Diaz PLC,Petershire,3.1,11,election,watch,25019,Adams Ltd,East Tinachester
61,313,2025-02-14,11688,Morris LLC,Herreraburgh,4.7,45,stop,hit,47105,Brock Group,West Jennifer
20,498,2025-01-04,56738,"Cooper, Santana and Patel",Jimenezbury,2.8,3,lose,say,53963,"Brown, Potter and Wade",Kylemouth
3,297,2025-02-18,51406,"Sanders, Jacobs and Cunningham",East Kimberlychester,3.8,30,start,PM,98008,Smith-Anderson,New Georgefort
26,167,2025-01-13,96759,Estes Inc,Lesliehaven,2.9,32,take,other,93619,"Stevenson, Parker and Flowers",Port Parkerton
16,96,2025-02-14,53247,"Baker, Smith and Cochran",East Lori,1.0,32,explain,several,87089,"Stevenson, Parker and Flowers",Port Parkerton
62,477,2025-01-29,50013,Harris PLC,Jamesfurt,1.7,12,leg,wife,50937,Sullivan and Sons,Kaufmanland
3,187,2025-01-03,51977,"Sanders, Jacobs and Cunningham",East Kimberlychester,3.8,30,citizen,way,56819,Smith-Anderson,New Georgefort
96,475,2025-01-17,43418,Moss-Peck,Natashaview,4.2,46,move,doctor,70377,Berry-Gibbs,East James
65,28,2025-01-08,91251,Oliver-Kidd,Espinozafurt,3.4,36,many,my,94191,Mitchell Group,Lindseyview
91,177,2025-02-15,61231,Oliver PLC,Port Paul,4.3,3,skin,away,98224,"Brown, Potter and Wade",Kylemouth
52,316,2025-01-04,33841,Miller-Cross,East Jason,4.3,1,win,them,84243,"Lee, Flowers and Garcia",Kingville
78,433,2025-01-03,71457,Smith-Macdonald,Shirleyside,3.1,29,person,economic,94912,"Spears, Silva and Jones",Pattersonchester
51,476,2025-02-16,89656,"Sanchez, Hayden and Brown",South Isaac,3.6,11,summer,do,58007,Adams Ltd,East Tinachester
62,456,2025-01-19,69502,Harris PLC,Jamesfurt,1.7,12,water,either,29729,Sullivan and Sons,Kaufmanland
12,101,2025-02-05,92337,"Johnston, Alexander and Matthews",Barberside,3.3,37,deal,position,51605,Flores Ltd,Kellyport
79,237,2025-02-20,75416,Campos-Sharp,Port Carla,3.1,10,idea,attention,61588,Duke Inc,West Christopher
24,293,2025-02-04,22164,Gonzalez PLC,North Amyview,4.0,19,collection,increase,69219,Thomas Ltd,West Katrinastad
51,392,2025-02-22,42151,"Sanchez, Hayden and Brown",South Isaac,3.6,11,store,actually,62718,Adams Ltd,East Tinachester
15,447,2025-01-27,78689,"Mcbride, Williams and Davis",Lake Lisaborough,2.1,3,us,a,17823,"Brown, Potter and Wade",Kylemouth
45,77,2025-02-19,65786,"Alvarez, Kelley and Chavez",Mitchellborough,1.3,6,music,site,20271,Webster and Sons,Valenciaburgh
87,47,2025-02-07,46130,"Frey, Moody and Williams",East Emily,2.4,42,thus,season,21482,Jimenez-Sanders,West Jose
83,201,2025-01-15,61301,"Mccarthy, King and Thomas",Bennettbury,1.7,46,something,when,33731,Berry-Gibbs,East James
58,17,2025-01-14,68957,Wyatt Group,West Jamie,2.3,7,sister,stuff,41669,Watson-Tyler,North Stephaniemouth
9,449,2025-01-10,60374,"Parsons, Long and Richardson",Livingstonmouth,2.7,49,official,security,34763,Hicks and Sons,Port Robert
86,345,2025-02-01,22725,"Olsen, Stanley and Wright",West Christophertown,4.2,28,deal,base,36864,Mcdonald and Sons,Beckerberg
18,330,2025-02-21,42138,Bolton and Sons,East Jessicafurt,3.0,21,unit,learn,48493,Carlson Inc,South Adam
5,456,2025-01-06,39520,Michael-Williams,Port Denise,4.3,36,water,either,29729,Mitchell Group,Lindseyview
79,358,2025-01-18,18198,Campos-Sharp,Port Carla,3.1,10,mother,successful,13633,Duke Inc,West Christopher
86,158,2025-01-21,67020,"Olsen, Stanley and Wright",West Christophertown,4.2,28,system,paper,72019,Mcdonald and Sons,Beckerberg
88,398,2025-02-04,80500,Perez PLC,Lake Sarah,1.6,6,partner,authority,92245,Webster and Sons,Valenciaburgh
78,39,2025-02-20,90806,Smith-Macdonald,Shirleyside,3.1,29,already,pay,48187,"Spears, Silva and Jones",Pattersonchester
69,497,2025-01-14,26515,Freeman-Hudson,Valenzuelaton,3.7,33,only,beautiful,50401,Horton Ltd,Michaelbury
17,152,2025-01-14,74974,Bowman-Padilla,Lake Nathan,3.7,14,specific,own,52183,"Green, Anderson and Contreras",Port Michele
88,442,2025-01-30,46683,Perez PLC,Lake Sarah,1.6,6,head,type,21010,Webster and Sons,Valenciaburgh
68,145,2025-01-21,80517,Riley-Guerrero,New Jamesstad,2.8,10,stay,wear,77656,Duke Inc,West Christopher
3,358,2025-01-02,70120,"Sanders, Jacobs and Cunningham",East Kimberlychester,3.8,30,mother,successful,13633,Smith-Anderson,New Georgefort
96,240,2025-02-13,89401,Moss-Peck,Natashaview,4.2,46,think,eat,33051,Berry-Gibbs,East James
98,164,2025-01-29,93648,Edwards-Sutton,East Stephanie,1.4,16,record,fall,33577,"Watson, Frazier and Jones",Hubershire
67,60,2025-02-16,57344,Lambert-Whitney,Downsborough,3.5,24,clear,worker,95322,Quinn-Mitchell,East Kimberly
93,338,2025-01-25,95684,"Hill, Daugherty and Lynch",West Richard,1.5,13,image,any,70672,Cox-Montgomery,Ginastad
22,296,2025-01-31,70199,Cain-Burnett,North Adrian,4.3,44,line,animal,60722,"Young, Smith and Dyer",South Brandonbury
30,489,2025-01-21,71840,"Martinez, Andrews and Rodriguez",West Cristina,1.3,23,office,believe,78092,Dalton-Long,Caseborough
19,123,2025-01-14,76823,Medina Ltd,Lowebury,1.4,29,section,not,10683,"Spears, Silva and Jones",Pattersonchester
64,217,2025-02-12,65793,Cunningham Group,Nelsonburgh,3.5,2,commercial,attack,95054,Ryan and Sons,Skinnermouth
100,424,2025-01-02,53920,"Howell, Brown and Jones",Heidistad,1.3,16,almost,behavior,47519,"Watson, Frazier and Jones",Hubershire
9,312,2025-01-16,92098,"Parsons, Long and Richardson",Livingstonmouth,2.7,49,reality,admit,59165,Hicks and Sons,Port Robert
61,370,2025-02-08,11453,Morris LLC,Herreraburgh,4.7,45,tonight,ten,49030,Brock Group,West Jennifer
78,37,2025-01-12,52616,Smith-Macdonald,Shirleyside,3.1,29,three,Republican,81216,"Spears, Silva and Jones",Pattersonchester
61,233,2025-01-26,49955,Morris LLC,Herreraburgh,4.7,45,treat,life,59991,Brock Group,West Jennifer
47,173,2025-02-19,81822,Scott-Hudson,Raymondhaven,1.4,23,weight,push,71269,Dalton-Long,Caseborough
11,446,2025-01-13,64717,"Johnson, Fitzpatrick and Luna",Gonzalezburgh,1.3,21,cup,view,14785,Carlson Inc,South Adam
90,450,2025-02-14,46247,Garcia LLC,Lake Johnfurt,4.3,42,billion,me,93243,Jimenez-Sanders,West Jose
66,492,2025-01-28,61251,Phillips Ltd,South Tonytown,3.9,18,name,sure,93664,Price LLC,New Josephmouth
34,10,2025-02-17,28234,Cowan-Bailey,Cookmouth,1.3,18,officer,quite,10164,Price LLC,New Josephmouth
27,205,2025-01-15,26014,Brown Inc,New Jennifertown,3.5,6,writer,seem,97511,Webster and Sons,Valenciaburgh
22,175,2025-01-08,50932,Cain-Burnett,North Adrian,4.3,44,room,single,17301,"Young, Smith and Dyer",South Brandonbury
25,307,2025-01-11,67529,Hill PLC,New Jeremy,1.8,16,soon,bag,33255,"Watson, Frazier and Jones",Hubershire
4,235,2025-02-10,97132,"Gutierrez, Griffin and Tucker",Shannonchester,3.8,36,public,inside,42204,Mitchell Group,Lindseyview
58,32,2025-02-12,82731,Wyatt Group,West Jamie,2.3,7,skill,everything,39799,Watson-Tyler,North Stephaniemouth
29,453,2025-01-29,91032,"Shah, Lara and Patel",Popeshire,1.2,30,and,model,11543,Smith-Anderson,New Georgefort
39,359,2025-02-09,19352,"Lynch, Thompson and Farmer",North Christopherchester,4.7,47,many,data,55018,"Welch, Brown and Haynes",New Victoria
41,59,2025-02-06,62979,"Walker, Fuentes and Vaughan",New Robertmouth,3.4,9,line,beat,26561,Gardner-Hall,Lake Jamie
17,325,2025-02-19,94619,Bowman-Padilla,Lake Nathan,3.7,14,visit,ten,76969,"Green, Anderson and Contreras",Port Michele
75,63,2025-01-21,86895,Patterson Group,North Julieborough,4.6,49,own,room,65849,Hicks and Sons,Port Robert
3,135,2025-02-19,13619,"Sanders, Jacobs and Cunningham",East Kimberlychester,3.8,30,democratic,article,24029,Smith-Anderson,New Georgefort
8,478,2025-01-28,40922,"Jones, Ellis and Raymond",Joshuastad,4.4,44,difference,still,12491,"Young, Smith and Dyer",South Brandonbury
45,466,2025-02-19,88415,"Alvarez, Kelley and Chavez",Mitchellborough,1.3,6,individual,why,32286,Webster and Sons,Valenciaburgh
47,23,2025-02-16,77189,Scott-Hudson,Raymondhaven,1.4,23,either,put,67689,Dalton-Long,Caseborough
75,461,2025-01-23,52570,Patterson Group,North Julieborough,4.6,49,goal,network,82926,Hicks and Sons,Port Robert
59,231,2025-01-22,46614,Atkinson Ltd,Reedview,3.0,10,himself,knowledge,28174,Duke Inc,West Christopher
73,333,2025-01-26,61624,Jones Group,East Stacey,2.1,44,early,charge,79859,"Young, Smith and Dyer",South Brandonbury
70,450,2025-02-08,59578,"Jordan, Evans and Wilkerson",Paigeview,4.8,3,billion,me,93243,"Brown, Potter and Wade",Kylemouth
93,490,2025-01-29,20724,"Hill, Daugherty and Lynch",West Richard,1.5,13,group,same,28815,Cox-Montgomery,Ginastad
8,28,2025-01-11,41981,"Jones, Ellis and Raymond",Joshuastad,4.4,44,many,my,94191,"Young, Smith and Dyer",South Brandonbury
37,465,2025-01-10,89172,Shaw-Medina,Anthonyview,4.7,32,risk,remember,22796,"Stevenson, Parker and Flowers",Port Parkerton
39,378,2025-02-18,95220,"Lynch, Thompson and Farmer",North Christopherchester,4.7,47,develop,type,25977,"Welch, Brown and Haynes",New Victoria
34,119,2025-01-08,95906,Cowan-Bailey,Cookmouth,1.3,18,effect,nor,28162,Price LLC,New Josephmouth
94,68,2025-01-31,51447,Joseph and Sons,Lake Andrea,4.8,40,something,night,41691,Williams Inc,New Brittanyburgh
6,469,2025-01-08,12498,Williams and Sons,New Markbury,4.3,48,their,last,32841,"Williams, Gomez and Clark",Patriciastad
42,238,2025-01-01,26911,Grant-Ellis,New Laurenside,1.3,21,dog,too,67634,Carlson Inc,South Adam
21,207,2025-02-05,82693,"Washington, Mills and Evans",East Eddieshire,1.5,24,consumer,method,21179,Quinn-Mitchell,East Kimberly
80,313,2025-01-22,60936,"Bradley, Stevens and Matthews",Jennyville,2.4,3,stop,hit,47105,"Brown, Potter and Wade",Kylemouth
34,176,2025-01-05,35035,Cowan-Bailey,Cookmouth,1.3,18,arm,key,39444,Price LLC,New Josephmouth
96,49,2025-02-13,22227,Moss-Peck,Natashaview,4.2,46,experience,reflect,30237,Berry-Gibbs,East James
69,248,2025-02-14,97528,Freeman-Hudson,Valenzuelaton,3.7,33,your,may,27787,Horton Ltd,Michaelbury
49,38,2025-02-09,79213,Roberts and Sons,West Deanna,2.4,36,oil,lawyer,24731,Mitchell Group,Lindseyview
88,27,2025-01-17,35649,Perez PLC,Lake Sarah,1.6,6,its,up,13508,Webster and Sons,Valenciaburgh
86,175,2025-01-03,47006,"Olsen, Stanley and Wright",West Christophertown,4.2,28,room,single,17301,Mcdonald and Sons,Beckerberg
90,192,2025-01-15,92407,Garcia LLC,Lake Johnfurt,4.3,42,all,gun,60653,Jimenez-Sanders,West Jose
82,323,2025-02-22,59740,Jordan LLC,New Lynn,2.4,14,spring,mean,43986,"Green, Anderson and Contreras",Port Michele
51,48,2025-02-19,18012,"Sanchez, Hayden and Brown",South Isaac,3.6,11,suddenly,pay,74187,Adams Ltd,East Tinachester
11,191,2025-02-13,58342,"Johnson, Fitzpatrick and Luna",Gonzalezburgh,1.3,21,power,process,83697,Carlson Inc,South Adam
84,143,2025-01-25,91517,"Taylor, Green and Duncan",South Brianburgh,2.3,26,old,forward,29939,Martin Inc,New Samanthaside
9,274,2025-02-04,45096,"Parsons, Long and Richardson",Livingstonmouth,2.7,49,power,man,85831,Hicks and Sons,Port Robert
11,98,2025-02-06,99923,"Johnson, Fitzpatrick and Luna",Gonzalezburgh,1.3,21,nice,a,38511,Carlson Inc,South Adam
61,366,2025-02-02,20998,Morris LLC,Herreraburgh,4.7,45,good,forward,21835,Brock Group,West Jennifer
80,60,2025-02-07,42250,"Bradley, Stevens and Matthews",Jennyville,2.4,3,clear,worker,95322,"Brown, Potter and Wade",Kylemouth
31,29,2025-02-07,39084,Jensen-Hernandez,Lake Shelby,5.0,24,player,camera,72450,Quinn-Mitchell,East Kimberly
23,492,2025-01-11,87175,"Kaiser, Ward and Scott",East Dennis,4.5,20,name,sure,93664,Freeman Ltd,Lake Hunterbury
95,396,2025-01-16,27885,Boyd Ltd,Lake Sean,1.4,15,indeed,practice,24210,Shaw-King,West Maryside
39,219,2025-01-19,60850,"Lynch, Thompson and Farmer",North Christopherchester,4.7,47,keep,may,74667,"Welch, Brown and Haynes",New Victoria
14,477,2025-01-04,77901,Johnston Group,East Justinbury,2.2,32,leg,wife,50937,"Stevenson, Parker and Flowers",Port Parkerton
7,131,2025-01-10,36077,"Henderson, Walker and Parker",West Stephanieville,4.1,20,establish,take,14243,Freeman Ltd,Lake Hunterbury
47,364,2025-01-23,65702,Scott-Hudson,Raymondhaven,1.4,23,fight,human,42634,Dalton-Long,Caseborough
25,353,2025-02-07,53832,Hill PLC,New Jeremy,1.8,16,affect,military,29634,"Watson, Frazier and Jones",Hubershire
50,173,2025-01-28,18879,"Lee, Russell and Garrett",Obrienside,4.0,34,weight,push,71269,Williams-Orozco,West Evelyn
74,138,2025-01-19,93118,Wright-Anderson,New Terryville,1.7,45,thank,rate,15389,Brock Group,West Jennifer
3,114,2025-01-03,83518,"Sanders, Jacobs and Cunningham",East Kimberlychester,3.8,30,coach,top,21553,Smith-Anderson,New Georgefort
82,359,2025-02-14,48064,Jordan LLC,New Lynn,2.4,14,many,data,55018,"Green, Anderson and Contreras",Port Michele
96,78,2025-02-03,89606,Moss-Peck,Natashaview,4.2,46,way,save,71352,Berry-Gibbs,East James
85,189,2025-01-20,69032,Smith Group,Yolandastad,4.8,16,camera,computer,88092,"Watson, Frazier and Jones",Hubershire
75,332,2025-01-10,79587,Patterson Group,North Julieborough,4.6,49,fact,then,76428,Hicks and Sons,Port Robert
63,109,2025-02-13,35324,Briggs and Sons,East Robertton,3.6,38,relate,rock,69604,Potter Ltd,Michelletown
40,99,2025-02-04,51248,"Bridges, Hahn and Rodriguez",Bullockchester,2.6,27,present,stage,23619,"Hawkins, Gonzalez and Ramirez",South April
95,448,2025-01-12,87435,Boyd Ltd,Lake Sean,1.4,15,front,necessary,72401,Shaw-King,West Maryside
43,451,2025-01-29,45546,"Miller, Howell and Bryant",Toddview,4.7,1,right,recently,82847,"Lee, Flowers and Garcia",Kingville
96,153,2025-01-26,20065,Moss-Peck,Natashaview,4.2,46,idea,seek,35817,Berry-Gibbs,East James
65,161,2025-01-03,15409,Oliver-Kidd,Espinozafurt,3.4,36,great,until,86602,Mitchell Group,Lindseyview
56,333,2025-02-13,11044,"Mosley, Huff and Benson",Billyville,1.3,28,early,charge,79859,Mcdonald and Sons,Beckerberg
18,282,2025-02-14,61065,Bolton and Sons,East Jessicafurt,3.0,21,woman,today,11870,Carlson Inc,South Adam
33,401,2025-02-19,16424,"Moore, Davis and Mendoza",Laurashire,1.9,24,bit,it,44725,Quinn-Mitchell,East Kimberly
5,452,2025-02-06,99215,Michael-Williams,Port Denise,4.3,36,want,have,45281,Mitchell Group,Lindseyview
82,31,2025-02-08,35847,Jordan LLC,New Lynn,2.4,14,assume,there,51817,"Green, Anderson and Contreras",Port Michele
61,259,2025-01-25,49852,Morris LLC,Herreraburgh,4.7,45,citizen,theory,82292,Brock Group,West Jennifer
43,49,2025-01-29,19943,"Miller, Howell and Bryant",Toddview,4.7,1,experience,reflect,30237,"Lee, Flowers and Garcia",Kingville
45,386,2025-02-17,22598,"Alvarez, Kelley and Chavez",Mitchellborough,1.3,6,ok,seat,23291,Webster and Sons,Valenciaburgh
87,65,2025-01-27,79101,"Frey, Moody and Williams",East Emily,2.4,42,agree,method,95422,Jimenez-Sanders,West Jose
45,248,2025-01-20,49321,"Alvarez, Kelley and Chavez",Mitchellborough,1.3,6,your,may,27787,Webster and Sons,Valenciaburgh
21,340,2025-02-04,96338,"Washington, Mills and Evans",East Eddieshire,1.5,24,feel,morning,48156,Quinn-Mitchell,East Kimberly
35,235,2025-01-04,71507,"Rivers, Carter and Perez",Clarkberg,2.9,25,public,inside,42204,"Maddox, Long and Blackburn",North Nicole
13,87,2025-01-29,76185,Thompson-Jimenez,Hughesborough,2.1,30,certainly,particular,27606,Smith-Anderson,New Georgefort
67,209,2025-01-23,47588,Lambert-Whitney,Downsborough,3.5,24,commercial,significant,75757,Quinn-Mitchell,East Kimberly
30,40,2025-01-26,56094,"Martinez, Andrews and Rodriguez",West Cristina,1.3,23,possible,sometimes,11116,Dalton-Long,Caseborough
59,225,2025-02-14,61747,Atkinson Ltd,Reedview,3.0,10,show,almost,20090,Duke Inc,West Christopher
16,316,2025-01-17,78121,"Baker, Smith and Cochran",East Lori,1.0,32,win,them,84243,"Stevenson, Parker and Flowers",Port Parkerton
56,263,2025-02-07,77553,"Mosley, Huff and Benson",Billyville,1.3,28,memory,best,75994,Mcdonald and Sons,Beckerberg
33,183,2025-01-19,51113,"Moore, Davis and Mendoza",Laurashire,1.9,24,church,relate,52353,Quinn-Mitchell,East Kimberly
14,440,2025-01-04,75248,Johnston Group,East Justinbury,2.2,32,size,treat,47331,"Stevenson, Parker and Flowers",Port Parkerton
35,448,2025-01-25,59716,"Rivers, Carter and Perez",Clarkberg,2.9,25,front,necessary,72401,"Maddox, Long and Blackburn",North Nicole
64,163,2025-02-01,47104,Cunningham Group,Nelsonburgh,3.5,2,technology,education,37513,Ryan and Sons,Skinnermouth
11,160,2025-02-21,57999,"Johnson, Fitzpatrick and Luna",Gonzalezburgh,1.3,21,still,information,39258,Carlson Inc,South Adam
26,332,2025-01-02,21526,Estes Inc,Lesliehaven,2.9,32,fact,then,76428,"Stevenson, Parker and Flowers",Port Parkerton
71,63,2025-01-16,22912,"Johnston, Ward and Farrell",Port Douglaston,2.2,26,own,room,65849,Martin Inc,New Samanthaside
29,292,2025-01-04,47724,"Shah, Lara and Patel",Popeshire,1.2,30,turn,compare,96657,Smith-Anderson,New Georgefort
85,262,2025-02-06,95671,Smith Group,Yolandastad,4.8,16,everything,once,65684,"Watson, Frazier and Jones",Hubershire
100,250,2025-02-09,20016,"Howell, Brown and Jones",Heidistad,1.3,16,wall,gas,96494,"Watson, Frazier and Jones",Hubershire
94,167,2025-01-14,87626,Joseph and Sons,Lake Andrea,4.8,40,take,other,93619,Williams Inc,New Brittanyburgh
46,356,2025-01-19,61293,Skinner-Owens,West Lindsey,1.2,41,clearly,oil,83070,Vasquez PLC,West Kelseyside
8,4,2025-01-14,52889,"Jones, Ellis and Raymond",Joshuastad,4.4,44,company,house,15083,"Young, Smith and Dyer",South Brandonbury
78,107,2025-02-22,43667,Smith-Macdonald,Shirleyside,3.1,29,air,friend,29464,"Spears, Silva and Jones",Pattersonchester
45,55,2025-02-12,18318,"Alvarez, Kelley and Chavez",Mitchellborough,1.3,6,buy,seven,81580,Webster and Sons,Valenciaburgh
85,2,2025-02-14,58517,Smith Group,Yolandastad,4.8,16,able,standard,96642,"Watson, Frazier and Jones",Hubershire
76,459,2025-02-08,32550,"Delgado, Chambers and Smith",Port Rodney,4.0,1,big,character,33203,"Lee, Flowers and Garcia",Kingville
23,86,2025-02-22,61932,"Kaiser, Ward and Scott",East Dennis,4.5,20,or,magazine,70673,Freeman Ltd,Lake Hunterbury
47,7,2025-01-19,37968,Scott-Hudson,Raymondhaven,1.4,23,head,other,59320,Dalton-Long,Caseborough
25,341,2025-01-07,10467,Hill PLC,New Jeremy,1.8,16,because,several,24290,"Watson, Frazier and Jones",Hubershire
96,399,2025-02-22,10575,Moss-Peck,Natashaview,4.2,46,easy,the,41190,Berry-Gibbs,East James
2,472,2025-01-17,63841,"Young, Watson and Martin",Donnaton,4.1,32,one,life,81721,"Stevenson, Parker and Flowers",Port Parkerton
77,399,2025-01-25,78740,Middleton-Gibson,East Kevin,3.6,43,easy,the,41190,Farrell-Payne,Carpenterstad
95,281,2025-02-01,15585,Boyd Ltd,Lake Sean,1.4,15,ball,nation,67521,Shaw-King,West Maryside
96,368,2025-01-04,54530,Moss-Peck,Natashaview,4.2,46,energy,western,39330,Berry-Gibbs,East James
25,367,2025-01-12,30564,Hill PLC,New Jeremy,1.8,16,its,their,97627,"Watson, Frazier and Jones",Hubershire
15,215,2025-01-27,34990,"Mcbride, Williams and Davis",Lake Lisaborough,2.1,3,table,only,88846,"Brown, Potter and Wade",Kylemouth
85,49,2025-01-08,71218,Smith Group,Yolandastad,4.8,16,experience,reflect,30237,"Watson, Frazier and Jones",Hubershire
22,92,2025-01-20,82284,Cain-Burnett,North Adrian,4.3,44,strong,allow,16559,"Young, Smith and Dyer",South Brandonbury
52,151,2025-01-22,57629,Miller-Cross,East Jason,4.3,1,ask,hard,51467,"Lee, Flowers and Garcia",Kingville
94,261,2025-01-30,22402,Joseph and Sons,Lake Andrea,4.8,40,carry,else,61022,Williams Inc,New Brittanyburgh
24,482,2025-02-02,10318,Gonzalez PLC,North Amyview,4.0,19,pattern,often,51803,Thomas Ltd,West Katrinastad
15,372,2025-02-01,76657,"Mcbride, Williams and Davis",Lake Lisaborough,2.1,3,fact,firm,24677,"Brown, Potter and Wade",Kylemouth
100,97,2025-02-10,42010,"Howell, Brown and Jones",Heidistad,1.3,16,book,rich,25451,"Watson, Frazier and Jones",Hubershire
5,157,2025-02-14,94195,Michael-Williams,Port Denise,4.3,36,like,top,58504,Mitchell Group,Lindseyview
34,111,2025-02-18,24337,Cowan-Bailey,Cookmouth,1.3,18,religious,human,99835,Price LLC,New Josephmouth
37,54,2025-02-22,60538,Shaw-Medina,Anthonyview,4.7,32,maybe,friend,58499,"Stevenson, Parker and Flowers",Port Parkerton
30,492,2025-01-26,49750,"Martinez, Andrews and Rodriguez",West Cristina,1.3,23,name,sure,93664,Dalton-Long,Caseborough
83,472,2025-01-08,96239,"Mccarthy, King and Thomas",Bennettbury,1.7,46,one,life,81721,Berry-Gibbs,East James
97,10,2025-01-06,79312,"Tapia, Moore and Bryant",Lake Angelmouth,2.2,10,officer,quite,10164,Duke Inc,West Christopher
64,474,2025-01-23,88174,Cunningham Group,Nelsonburgh,3.5,2,matter,opportunity,46090,Ryan and Sons,Skinnermouth
11,271,2025-01-10,22391,"Johnson, Fitzpatrick and Luna",Gonzalezburgh,1.3,21,detail,act,59147,Carlson Inc,South Adam
88,496,2025-02-02,27076,Perez PLC,Lake Sarah,1.6,6,some,professional,69432,Webster and Sons,Valenciaburgh
45,275,2025-02-16,57411,"Alvarez, Kelley and Chavez",Mitchellborough,1.3,6,glass,pattern,94646,Webster and Sons,Valenciaburgh
40,219,2025-02-19,37423,"Bridges, Hahn and Rodriguez",Bullockchester,2.6,27,keep,may,74667,"Hawkins, Gonzalez and Ramirez",South April
2,460,2025-01-04,34830,"Young, Watson and Martin",Donnaton,4.1,32,available,both,84158,"Stevenson, Parker and Flowers",Port Parkerton
63,388,2025-02-06,56357,Briggs and Sons,East Robertton,3.6,38,federal,gun,59935,Potter Ltd,Michelletown
23,255,2025-02-14,40104,"Kaiser, Ward and Scott",East Dennis,4.5,20,to,modern,62229,Freeman Ltd,Lake Hunterbury
31,229,2025-02-21,66912,Jensen-Hernandez,Lake Shelby,5.0,24,generation,child,28925,Quinn-Mitchell,East Kimberly
1,444,2025-02-16,89731,"Murphy, Bell and Sanford",Lake Taylorville,1.7,33,film,now,36794,Horton Ltd,Michaelbury
1,492,2025-01-04,81217,"Murphy, Bell and Sanford",Lake Taylorville,1.7,33,name,sure,93664,Horton Ltd,Michaelbury
23,374,2025-01-07,83599,"Kaiser, Ward and Scott",East Dennis,4.5,20,meet,near,29916,Freeman Ltd,Lake Hunterbury
65,344,2025-01-26,97613,Oliver-Kidd,Espinozafurt,3.4,36,resource,analysis,40280,Mitchell Group,Lindseyview
3,303,2025-01-24,92873,"Sanders, Jacobs and Cunningham",East Kimberlychester,3.8,30,today,opportunity,91933,Smith-Anderson,New Georgefort
26,250,2025-01-13,78451,Estes Inc,Lesliehaven,2.9,32,wall,gas,96494,"Stevenson, Parker and Flowers",Port Parkerton
9,30,2025-01-24,43706,"Parsons, Long and Richardson",Livingstonmouth,2.7,49,site,reality,57281,Hicks and Sons,Port Robert
2,38,2025-02-04,82194,"Young, Watson and Martin",Donnaton,4.1,32,oil,lawyer,24731,"Stevenson, Parker and Flowers",Port Parkerton
45,102,2025-01-15,93059,"Alvarez, Kelley and Chavez",Mitchellborough,1.3,6,improve,wrong,67202,Webster and Sons,Valenciaburgh
29,123,2025-01-11,55263,"Shah, Lara and Patel",Popeshire,1.2,30,section,not,10683,Smith-Anderson,New Georgefort
77,216,2025-01-29,57358,Middleton-Gibson,East Kevin,3.6,43,training,reach,77423,Farrell-Payne,Carpenterstad
60,4,2025-01-20,86400,"Schroeder, Romero and Mullins",East Ashley,3.5,19,company,house,15083,Thomas Ltd,West Katrinastad
18,6,2025-02-03,18088,Bolton and Sons,East Jessicafurt,3.0,21,house,we,55114,Carlson Inc,South Adam
40,167,2025-02-05,78443,"Bridges, Hahn and Rodriguez",Bullockchester,2.6,27,take,other,93619,"Hawkins, Gonzalez and Ramirez",South April
24,419,2025-01-29,50240,Gonzalez PLC,North Amyview,4.0,19,too,indeed,17841,Thomas Ltd,West Katrinastad
50,47,2025-02-18,47950,"Lee, Russell and Garrett",Obrienside,4.0,34,thus,season,21482,Williams-Orozco,West Evelyn
10,491,2025-01-07,33301,Diaz PLC,Petershire,3.1,11,operation,attack,46325,Adams Ltd,East Tinachester
21,219,2025-01-13,72176,"Washington, Mills and Evans",East Eddieshire,1.5,24,keep,may,74667,Quinn-Mitchell,East Kimberly
80,392,2025-01-11,56936,"Bradley, Stevens and Matthews",Jennyville,2.4,3,store,actually,62718,"Brown, Potter and Wade",Kylemouth
86,421,2025-02-13,80968,"Olsen, Stanley and Wright",West Christophertown,4.2,28,each,break,56270,Mcdonald and Sons,Beckerberg
39,56,2025-01-29,18468,"Lynch, Thompson and Farmer",North Christopherchester,4.7,47,sort,this,82579,"Welch, Brown and Haynes",New Victoria
87,265,2025-02-01,22358,"Frey, Moody and Williams",East Emily,2.4,42,science,from,66714,Jimenez-Sanders,West Jose
61,152,2025-02-04,72343,Morris LLC,Herreraburgh,4.7,45,specific,own,52183,Brock Group,West Jennifer
20,222,2025-01-15,89993,"Cooper, Santana and Patel",Jimenezbury,2.8,3,camera,approach,64013,"Brown, Potter and Wade",Kylemouth
81,18,2025-01-28,66181,"Hull, Walker and Anderson",Lake Beth,3.2,43,religious,minute,84221,Farrell-Payne,Carpenterstad
8,293,2025-02-17,51652,"Jones, Ellis and Raymond",Joshuastad,4.4,44,collection,increase,69219,"Young, Smith and Dyer",South Brandonbury
3,175,2025-01-06,23225,"Sanders, Jacobs and Cunningham",East Kimberlychester,3.8,30,room,single,17301,Smith-Anderson,New Georgefort
64,296,2025-02-21,97180,Cunningham Group,Nelsonburgh,3.5,2,line,animal,60722,Ryan and Sons,Skinnermouth
38,481,2025-02-09,48846,"Shields, Singleton and Ward",New Danielle,2.1,39,personal,agent,52062,Bray Group,West Heather
19,157,2025-01-06,61788,Medina Ltd,Lowebury,1.4,29,like,top,58504,"Spears, Silva and Jones",Pattersonchester
81,178,2025-01-29,69851,"Hull, Walker and Anderson",Lake Beth,3.2,43,either,surface,20842,Farrell-Payne,Carpenterstad
66,27,2025-01-03,74610,Phillips Ltd,South Tonytown,3.9,18,its,up,13508,Price LLC,New Josephmouth
62,263,2025-02-14,63030,Harris PLC,Jamesfurt,1.7,12,memory,best,75994,Sullivan and Sons,Kaufmanland
24,114,2025-02-08,10249,Gonzalez PLC,North Amyview,4.0,19,coach,top,21553,Thomas Ltd,West Katrinastad
41,143,2025-01-02,53524,"Walker, Fuentes and Vaughan",New Robertmouth,3.4,9,old,forward,29939,Gardner-Hall,Lake Jamie
72,70,2025-02-09,61723,"Meyer, Howard and Reyes",Rubentown,1.1,30,interesting,yes,19686,Smith-Anderson,New Georgefort
62,284,2025-02-21,66987,Harris PLC,Jamesfurt,1.7,12,condition,property,27038,Sullivan and Sons,Kaufmanland
46,56,2025-01-31,34631,Skinner-Owens,West Lindsey,1.2,41,sort,this,82579,Vasquez PLC,West Kelseyside
92,340,2025-02-11,26499,Combs-Lawrence,North Gregory,4.1,35,feel,morning,48156,"Todd, Freeman and Price",Timothymouth
96,254,2025-01-11,67308,Moss-Peck,Natashaview,4.2,46,which,quickly,26691,Berry-Gibbs,East James
41,462,2025-01-30,88603,"Walker, Fuentes and Vaughan",New Robertmouth,3.4,9,way,will,49812,Gardner-Hall,Lake Jamie
66,199,2025-02-03,87755,Phillips Ltd,South Tonytown,3.9,18,south,late,56395,Price LLC,New Josephmouth
83,205,2025-01-30,23095,"Mccarthy, King and Thomas",Bennettbury,1.7,46,writer,seem,97511,Berry-Gibbs,East James
72,100,2025-01-31,56750,"Meyer, Howard and Reyes",Rubentown,1.1,30,someone,very,13144,Smith-Anderson,New Georgefort
34,261,2025-02-11,57889,Cowan-Bailey,Cookmouth,1.3,18,carry,else,61022,Price LLC,New Josephmouth
73,411,2025-01-18,23334,Jones Group,East Stacey,2.1,44,determine,song,80515,"Young, Smith and Dyer",South Brandonbury
27,157,2025-01-11,12770,Brown Inc,New Jennifertown,3.5,6,like,top,58504,Webster and Sons,Valenciaburgh
74,166,2025-02-01,71280,Wright-Anderson,New Terryville,1.7,45,head,data,31726,Brock Group,West Jennifer
57,342,2025-02-18,85671,"Hansen, Bates and Carson",South Jamieshire,4.9,4,compare,traditional,22547,Dalton LLC,South Sandra
24,166,2025-02-17,57757,Gonzalez PLC,North Amyview,4.0,19,head,data,31726,Thomas Ltd,West Katrinastad
58,364,2025-01-03,90376,Wyatt Group,West Jamie,2.3,7,fight,human,42634,Watson-Tyler,North Stephaniemouth
50,382,2025-02-18,47240,"Lee, Russell and Garrett",Obrienside,4.0,34,usually,meet,50607,Williams-Orozco,West Evelyn
71,220,2025-01-02,25903,"Johnston, Ward and Farrell",Port Douglaston,2.2,26,ago,each,40019,Martin Inc,New Samanthaside
9,331,2025-01-22,34420,"Parsons, Long and Richardson",Livingstonmouth,2.7,49,to,skin,62201,Hicks and Sons,Port Robert
1,27,2025-01-21,41926,"Murphy, Bell and Sanford",Lake Taylorville,1.7,33,its,up,13508,Horton Ltd,Michaelbury
42,186,2025-01-29,47194,Grant-Ellis,New Laurenside,1.3,21,police,reveal,30816,Carlson Inc,South Adam
70,425,2025-01-20,70324,"Jordan, Evans and Wilkerson",Paigeview,4.8,3,garden,ever,25928,"Brown, Potter and Wade",Kylemouth
44,255,2025-01-22,92813,"Burch, Lopez and Campos",Gilbertville,4.4,37,to,modern,62229,Flores Ltd,Kellyport
60,48,2025-02-21,22810,"Schroeder, Romero and Mullins",East Ashley,3.5,19,suddenly,pay,74187,Thomas Ltd,West Katrinastad
53,25,2025-02-04,96850,Hunter Group,Bennettfort,2.5,21,usually,view,58321,Carlson Inc,South Adam
87,315,2025-01-23,81555,"Frey, Moody and Williams",East Emily,2.4,42,network,own,18783,Jimenez-Sanders,West Jose
6,201,2025-01-19,16610,Williams and Sons,New Markbury,4.3,48,something,when,33731,"Williams, Gomez and Clark",Patriciastad
37,199,2025-02-21,77448,Shaw-Medina,Anthonyview,4.7,32,south,late,56395,"Stevenson, Parker and Flowers",Port Parkerton
91,245,2025-02-02,17619,Oliver PLC,Port Paul,4.3,3,not,space,98543,"Brown, Potter and Wade",Kylemouth
52,149,2025-01-27,13475,Miller-Cross,East Jason,4.3,1,these,eat,82489,"Lee, Flowers and Garcia",Kingville
27,187,2025-02-18,80513,Brown Inc,New Jennifertown,3.5,6,citizen,way,56819,Webster and Sons,Valenciaburgh
82,293,2025-02-19,23587,Jordan LLC,New Lynn,2.4,14,collection,increase,69219,"Green, Anderson and Contreras",Port Michele
71,99,2025-01-19,64389,"Johnston, Ward and Farrell",Port Douglaston,2.2,26,present,stage,23619,Martin Inc,New Samanthaside
36,251,2025-01-28,17473,"Manning, Maddox and Cabrera",East Amy,2.3,2,reveal,need,96355,Ryan and Sons,Skinnermouth
96,292,2025-01-30,77093,Moss-Peck,Natashaview,4.2,46,turn,compare,96657,Berry-Gibbs,East James
83,420,2025-01-10,69902,"Mccarthy, King and Thomas",Bennettbury,1.7,46,exactly,little,30564,Berry-Gibbs,East James
74,200,2025-02-13,27860,Wright-Anderson,New Terryville,1.7,45,clearly,pay,84632,Brock Group,West Jennifer
76,334,2025-02-21,51032,"Delgado, Chambers and Smith",Port Rodney,4.0,1,music,sort,98593,"Lee, Flowers and Garcia",Kingville
91,467,2025-02-09,76692,Oliver PLC,Port Paul,4.3,3,market,hit,69950,"Brown, Potter and Wade",Kylemouth
13,3,2025-01-17,67095,Thompson-Jimenez,Hughesborough,2.1,30,possible,Congress,66203,Smith-Anderson,New Georgefort
91,412,2025-01-31,62969,Oliver PLC,Port Paul,4.3,3,book,one,94542,"Brown, Potter and Wade",Kylemouth
33,81,2025-01-19,64659,"Moore, Davis and Mendoza",Laurashire,1.9,24,mouth,teach,10798,Quinn-Mitchell,East Kimberly
58,373,2025-02-03,84132,Wyatt Group,West Jamie,2.3,7,church,pull,79712,Watson-Tyler,North Stephaniemouth
96,108,2025-01-16,55892,Moss-Peck,Natashaview,4.2,46,sport,despite,42769,Berry-Gibbs,East James
51,260,2025-02-18,56538,"Sanchez, Hayden and Brown",South Isaac,3.6,11,response,key,83282,Adams Ltd,East Tinachester
89,420,2025-01-02,42628,Vazquez LLC,North Luis,4.0,12,exactly,little,30564,Sullivan and Sons,Kaufmanland
29,483,2025-02-19,36025,"Shah, Lara and Patel",Popeshire,1.2,30,put,item,17867,Smith-Anderson,New Georgefort
18,156,2025-01-10,38731,Bolton and Sons,East Jessicafurt,3.0,21,human,focus,71828,Carlson Inc,South Adam
28,461,2025-02-02,21709,Ward-Boyd,Michaelborough,4.1,25,goal,network,82926,"Maddox, Long and Blackburn",North Nicole
2,475,2025-02-10,13490,"Young, Watson and Martin",Donnaton,4.1,32,move,doctor,70377,"Stevenson, Parker and Flowers",Port Parkerton
66,328,2025-01-10,51920,Phillips Ltd,South Tonytown,3.9,18,standard,great,53554,Price LLC,New Josephmouth
58,208,2025-01-22,63177,Wyatt Group,West Jamie,2.3,7,side,role,47613,Watson-Tyler,North Stephaniemouth
41,283,2025-02-02,48600,"Walker, Fuentes and Vaughan",New Robertmouth,3.4,9,only,sell,80570,Gardner-Hall,Lake Jamie
1,254,2025-01-05,59345,"Murphy, Bell and Sanford",Lake Taylorville,1.7,33,which,quickly,26691,Horton Ltd,Michaelbury
80,343,2025-01-05,85552,"Bradley, Stevens and Matthews",Jennyville,2.4,3,citizen,system,98513,"Brown, Potter and Wade",Kylemouth
4,29,2025-01-30,71118,"Gutierrez, Griffin and Tucker",Shannonchester,3.8,36,player,camera,72450,Mitchell Group,Lindseyview
93,353,2025-01-05,87377,"Hill, Daugherty and Lynch",West Richard,1.5,13,affect,military,29634,Cox-Montgomery,Ginastad
38,51,2025-02-15,47833,"Shields, Singleton and Ward",New Danielle,2.1,39,least,investment,94072,Bray Group,West Heather
50,87,2025-02-03,70491,"Lee, Russell and Garrett",Obrienside,4.0,34,certainly,particular,27606,Williams-Orozco,West Evelyn
41,89,2025-01-17,37088,"Walker, Fuentes and Vaughan",New Robertmouth,3.4,9,answer,administration,93060,Gardner-Hall,Lake Jamie
84,305,2025-02-08,53504,"Taylor, Green and Duncan",South Brianburgh,2.3,26,end,because,59465,Martin Inc,New Samanthaside
30,201,2025-02-09,28995,"Martinez, Andrews and Rodriguez",West Cristina,1.3,23,something,when,33731,Dalton-Long,Caseborough
50,433,2025-02-19,13147,"Lee, Russell and Garrett",Obrienside,4.0,34,person,economic,94912,Williams-Orozco,West Evelyn
68,218,2025-01-31,54316,Riley-Guerrero,New Jamesstad,2.8,10,dog,memory,76334,Duke Inc,West Christopher
49,483,2025-01-28,97102,Roberts and Sons,West Deanna,2.4,36,put,item,17867,Mitchell Group,Lindseyview
49,143,2025-02-18,51789,Roberts and Sons,West Deanna,2.4,36,old,forward,29939,Mitchell Group,Lindseyview
64,74,2025-01-07,10760,Cunningham Group,Nelsonburgh,3.5,2,husband,authority,61972,Ryan and Sons,Skinnermouth
62,89,2025-02-03,32281,Harris PLC,Jamesfurt,1.7,12,answer,administration,93060,Sullivan and Sons,Kaufmanland
84,322,2025-01-25,45268,"Taylor, Green and Duncan",South Brianburgh,2.3,26,main,peace,86973,Martin Inc,New Samanthaside
59,423,2025-01-12,75630,Atkinson Ltd,Reedview,3.0,10,decade,interest,90866,Duke Inc,West Christopher
5,89,2025-01-22,72811,Michael-Williams,Port Denise,4.3,36,answer,administration,93060,Mitchell Group,Lindseyview
51,140,2025-02-17,13546,"Sanchez, Hayden and Brown",South Isaac,3.6,11,money,between,22079,Adams Ltd,East Tinachester
6,384,2025-01-11,37442,Williams and Sons,New Markbury,4.3,48,decision,campaign,46080,"Williams, Gomez and Clark",Patriciastad
80,86,2025-01-08,33812,"Bradley, Stevens and Matthews",Jennyville,2.4,3,or,magazine,70673,"Brown, Potter and Wade",Kylemouth
24,190,2025-02-17,19792,Gonzalez PLC,North Amyview,4.0,19,reality,industry,20777,Thomas Ltd,West Katrinastad
13,461,2025-01-03,10205,Thompson-Jimenez,Hughesborough,2.1,30,goal,network,82926,Smith-Anderson,New Georgefort
38,196,2025-01-24,50736,"Shields, Singleton and Ward",New Danielle,2.1,39,end,type,18056,Bray Group,West Heather
27,267,2025-02-22,68088,Brown Inc,New Jennifertown,3.5,6,goal,face,42150,Webster and Sons,Valenciaburgh
1,333,2025-02-19,31351,"Murphy, Bell and Sanford",Lake Taylorville,1.7,33,early,charge,79859,Horton Ltd,Michaelbury
55,85,2025-01-25,79332,Carroll Group,East Matthewport,3.9,25,our,bring,83835,"Maddox, Long and Blackburn",North Nicole
35,329,2025-01-04,27833,"Rivers, Carter and Perez",Clarkberg,2.9,25,lot,whole,86025,"Maddox, Long and Blackburn",North Nicole
87,212,2025-01-02,73517,"Frey, Moody and Williams",East Emily,2.4,42,best,under,40757,Jimenez-Sanders,West Jose
58,6,2025-01-26,16739,Wyatt Group,West Jamie,2.3,7,house,we,55114,Watson-Tyler,North Stephaniemouth
41,487,2025-02-01,20232,"Walker, Fuentes and Vaughan",New Robertmouth,3.4,9,create,day,15003,Gardner-Hall,Lake Jamie
51,467,2025-01-26,10927,"Sanchez, Hayden and Brown",South Isaac,3.6,11,market,hit,69950,Adams Ltd,East Tinachester
59,85,2025-01-27,30293,Atkinson Ltd,Reedview,3.0,10,our,bring,83835,Duke Inc,West Christopher
58,340,2025-01-05,25791,Wyatt Group,West Jamie,2.3,7,feel,morning,48156,Watson-Tyler,North Stephaniemouth
90,208,2025-01-14,73791,Garcia LLC,Lake Johnfurt,4.3,42,side,role,47613,Jimenez-Sanders,West Jose
8,103,2025-01-11,37834,"Jones, Ellis and Raymond",Joshuastad,4.4,44,future,direction,88528,"Young, Smith and Dyer",South Brandonbury
89,323,2025-01-25,86057,Vazquez LLC,North Luis,4.0,12,spring,mean,43986,Sullivan and Sons,Kaufmanland
26,242,2025-02-09,78625,Estes Inc,Lesliehaven,2.9,32,could,most,15796,"Stevenson, Parker and Flowers",Port Parkerton
20,32,2025-01-29,89211,"Cooper, Santana and Patel",Jimenezbury,2.8,3,skill,everything,39799,"Brown, Potter and Wade",Kylemouth
62,421,2025-01-02,96853,Harris PLC,Jamesfurt,1.7,12,each,break,56270,Sullivan and Sons,Kaufmanland
83,169,2025-01-01,18882,"Mccarthy, King and Thomas",Bennettbury,1.7,46,under,miss,94363,Berry-Gibbs,East James
42,222,2025-02-21,21733,Grant-Ellis,New Laurenside,1.3,21,camera,approach,64013,Carlson Inc,South Adam
87,137,2025-01-22,77540,"Frey, Moody and Williams",East Emily,2.4,42,then,above,32023,Jimenez-Sanders,West Jose
60,20,2025-01-04,22207,"Schroeder, Romero and Mullins",East Ashley,3.5,19,employee,prove,62356,Thomas Ltd,West Katrinastad
8,294,2025-02-13,88115,"Jones, Ellis and Raymond",Joshuastad,4.4,44,yes,open,77107,"Young, Smith and Dyer",South Brandonbury
28,348,2025-02-17,62049,Ward-Boyd,Michaelborough,4.1,25,traditional,produce,33003,"Maddox, Long and Blackburn",North Nicole
42,96,2025-02-14,60879,Grant-Ellis,New Laurenside,1.3,21,explain,several,87089,Carlson Inc,South Adam
5,348,2025-02-08,96539,Michael-Williams,Port Denise,4.3,36,traditional,produce,33003,Mitchell Group,Lindseyview
42,228,2025-02-06,77731,Grant-Ellis,New Laurenside,1.3,21,cold,produce,16020,Carlson Inc,South Adam
63,367,2025-02-08,26164,Briggs and Sons,East Robertton,3.6,38,its,their,97627,Potter Ltd,Michelletown
2,148,2025-02-11,55884,"Young, Watson and Martin",Donnaton,4.1,32,medical,mention,83521,"Stevenson, Parker and Flowers",Port Parkerton
15,150,2025-02-12,60690,"Mcbride, Williams and Davis",Lake Lisaborough,2.1,3,better,edge,86592,"Brown, Potter and Wade",Kylemouth
93,7,2025-02-04,24058,"Hill, Daugherty and Lynch",West Richard,1.5,13,head,other,59320,Cox-Montgomery,Ginastad
80,183,2025-01-11,40392,"Bradley, Stevens and Matthews",Jennyville,2.4,3,church,relate,52353,"Brown, Potter and Wade",Kylemouth
88,404,2025-02-11,74354,Perez PLC,Lake Sarah,1.6,6,part,this,43630,Webster and Sons,Valenciaburgh
56,312,2025-01-07,99335,"Mosley, Huff and Benson",Billyville,1.3,28,reality,admit,59165,Mcdonald and Sons,Beckerberg
30,425,2025-02-05,77401,"Martinez, Andrews and Rodriguez",West Cristina,1.3,23,garden,ever,25928,Dalton-Long,Caseborough
46,404,2025-02-09,59421,Skinner-Owens,West Lindsey,1.2,41,part,this,43630,Vasquez PLC,West Kelseyside
2,495,2025-01-22,48312,"Young, Watson and Martin",Donnaton,4.1,32,study,employee,37877,"Stevenson, Parker and Flowers",Port Parkerton
86,312,2025-02-17,47253,"Olsen, Stanley and Wright",West Christophertown,4.2,28,reality,admit,59165,Mcdonald and Sons,Beckerberg
29,133,2025-02-08,46922,"Shah, Lara and Patel",Popeshire,1.2,30,couple,difference,99648,Smith-Anderson,New Georgefort
85,263,2025-01-17,46830,Smith Group,Yolandastad,4.8,16,memory,best,75994,"Watson, Frazier and Jones",Hubershire
6,317,2025-02-10,53228,Williams and Sons,New Markbury,4.3,48,like,good,50802,"Williams, Gomez and Clark",Patriciastad
80,340,2025-02-04,83585,"Bradley, Stevens and Matthews",Jennyville,2.4,3,feel,morning,48156,"Brown, Potter and Wade",Kylemouth
21,248,2025-02-18,70829,"Washington, Mills and Evans",East Eddieshire,1.5,24,your,may,27787,Quinn-Mitchell,East Kimberly
79,13,2025-02-20,68560,Campos-Sharp,Port Carla,3.1,10,occur,Mrs,91922,Duke Inc,West Christopher
1,130,2025-01-29,66755,"Murphy, Bell and Sanford",Lake Taylorville,1.7,33,others,those,52324,Horton Ltd,Michaelbury
1,6,2025-01-28,93046,"Murphy, Bell and Sanford",Lake Taylorville,1.7,33,house,we,55114,Horton Ltd,Michaelbury
53,278,2025-02-13,25548,Hunter Group,Bennettfort,2.5,21,garden,increase,50902,Carlson Inc,South Adam
13,484,2025-02-02,26276,Thompson-Jimenez,Hughesborough,2.1,30,material,throughout,51054,Smith-Anderson,New Georgefort
15,463,2025-01-12,15402,"Mcbride, Williams and Davis",Lake Lisaborough,2.1,3,nation,where,70715,"Brown, Potter and Wade",Kylemouth
36,100,2025-02-16,11348,"Manning, Maddox and Cabrera",East Amy,2.3,2,someone,very,13144,Ryan and Sons,Skinnermouth
73,331,2025-01-29,67012,Jones Group,East Stacey,2.1,44,to,skin,62201,"Young, Smith and Dyer",South Brandonbury
34,6,2025-01-24,97838,Cowan-Bailey,Cookmouth,1.3,18,house,we,55114,Price LLC,New Josephmouth
89,231,2025-02-20,79465,Vazquez LLC,North Luis,4.0,12,himself,knowledge,28174,Sullivan and Sons,Kaufmanland
85,481,2025-02-21,82535,Smith Group,Yolandastad,4.8,16,personal,agent,52062,"Watson, Frazier and Jones",Hubershire
82,116,2025-02-17,54128,Jordan LLC,New Lynn,2.4,14,economic,amount,61037,"Green, Anderson and Contreras",Port Michele
85,117,2025-01-21,98664,Smith Group,Yolandastad,4.8,16,kitchen,expect,79159,"Watson, Frazier and Jones",Hubershire
65,126,2025-01-19,68551,Oliver-Kidd,Espinozafurt,3.4,36,anyone,just,76371,Mitchell Group,Lindseyview
52,310,2025-01-31,97217,Miller-Cross,East Jason,4.3,1,cup,argue,24120,"Lee, Flowers and Garcia",Kingville
59,67,2025-01-19,33124,Atkinson Ltd,Reedview,3.0,10,city,child,24909,Duke Inc,West Christopher
19,199,2025-02-14,90051,Medina Ltd,Lowebury,1.4,29,south,late,56395,"Spears, Silva and Jones",Pattersonchester
59,97,2025-01-23,17546,Atkinson Ltd,Reedview,3.0,10,book,rich,25451,Duke Inc,West Christopher
38,389,2025-01-20,48137,"Shields, Singleton and Ward",New Danielle,2.1,39,poor,mother,14792,Bray Group,West Heather
15,193,2025-02-16,55611,"Mcbride, Williams and Davis",Lake Lisaborough,2.1,3,factor,man,26825,"Brown, Potter and Wade",Kylemouth
50,351,2025-01-26,71462,"Lee, Russell and Garrett",Obrienside,4.0,34,industry,talk,27851,Williams-Orozco,West Evelyn
87,239,2025-02-01,79944,"Frey, Moody and Williams",East Emily,2.4,42,research,culture,56527,Jimenez-Sanders,West Jose
70,443,2025-01-07,13384,"Jordan, Evans and Wilkerson",Paigeview,4.8,3,want,sell,78281,"Brown, Potter and Wade",Kylemouth
100,364,2025-01-30,62121,"Howell, Brown and Jones",Heidistad,1.3,16,fight,human,42634,"Watson, Frazier and Jones",Hubershire
27,109,2025-02-07,82398,Brown Inc,New Jennifertown,3.5,6,relate,rock,69604,Webster and Sons,Valenciaburgh
99,277,2025-01-29,31400,"Flores, Phillips and Rojas",New Sarah,3.9,33,election,watch,25019,Horton Ltd,Michaelbury
20,144,2025-02-13,34490,"Cooper, Santana and Patel",Jimenezbury,2.8,3,perhaps,ability,78584,"Brown, Potter and Wade",Kylemouth
67,58,2025-01-20,84741,Lambert-Whitney,Downsborough,3.5,24,ask,let,29903,Quinn-Mitchell,East Kimberly
51,340,2025-02-13,44585,"Sanchez, Hayden and Brown",South Isaac,3.6,11,feel,morning,48156,Adams Ltd,East Tinachester
51,136,2025-01-30,85330,"Sanchez, Hayden and Brown",South Isaac,3.6,11,reality,there,47260,Adams Ltd,East Tinachester
50,121,2025-01-11,32804,"Lee, Russell and Garrett",Obrienside,4.0,34,husband,learn,91349,Williams-Orozco,West Evelyn
73,83,2025-02-11,13751,Jones Group,East Stacey,2.1,44,trade,arm,85004,"Young, Smith and Dyer",South Brandonbury
32,259,2025-02-01,50370,Bradley-Weaver,Hodgesview,3.1,39,citizen,theory,82292,Bray Group,West Heather
30,180,2025-01-21,25443,"Martinez, Andrews and Rodriguez",West Cristina,1.3,23,hot,really,59251,Dalton-Long,Caseborough
70,384,2025-01-05,73111,"Jordan, Evans and Wilkerson",Paigeview,4.8,3,decision,campaign,46080,"Brown, Potter and Wade",Kylemouth
71,479,2025-01-20,95786,"Johnston, Ward and Farrell",Port Douglaston,2.2,26,memory,effort,98511,Martin Inc,New Samanthaside
65,337,2025-01-22,17345,Oliver-Kidd,Espinozafurt,3.4,36,entire,analysis,96682,Mitchell Group,Lindseyview
82,395,2025-01-03,85581,Jordan LLC,New Lynn,2.4,14,network,act,98460,"Green, Anderson and Contreras",Port Michele
57,489,2025-01-25,13945,"Hansen, Bates and Carson",South Jamieshire,4.9,4,office,believe,78092,Dalton LLC,South Sandra
96,261,2025-01-18,58845,Moss-Peck,Natashaview,4.2,46,carry,else,61022,Berry-Gibbs,East James
8,349,2025-02-16,73970,"Jones, Ellis and Raymond",Joshuastad,4.4,44,interest,past,33423,"Young, Smith and Dyer",South Brandonbury
88,366,2025-02-05,13284,Perez PLC,Lake Sarah,1.6,6,good,forward,21835,Webster and Sons,Valenciaburgh
73,271,2025-01-25,84274,Jones Group,East Stacey,2.1,44,detail,act,59147,"Young, Smith and Dyer",South Brandonbury
48,182,2025-01-06,83477,"Lowery, Larson and King",New Joshuaburgh,4.1,32,space,let,97470,"Stevenson, Parker and Flowers",Port Parkerton
62,495,2025-01-25,14468,Harris PLC,Jamesfurt,1.7,12,study,employee,37877,Sullivan and Sons,Kaufmanland
7,194,2025-01-20,42768,"Henderson, Walker and Parker",West Stephanieville,4.1,20,discover,her,46331,Freeman Ltd,Lake Hunterbury
92,410,2025-01-12,24302,Combs-Lawrence,North Gregory,4.1,35,continue,on,52229,"Todd, Freeman and Price",Timothymouth
18,364,2025-02-11,16250,Bolton and Sons,East Jessicafurt,3.0,21,fight,human,42634,Carlson Inc,South Adam
38,336,2025-02-20,81644,"Shields, Singleton and Ward",New Danielle,2.1,39,same,newspaper,96238,Bray Group,West Heather
94,417,2025-02-02,62164,Joseph and Sons,Lake Andrea,4.8,40,walk,believe,38650,Williams Inc,New Brittanyburgh
26,291,2025-02-11,56866,Estes Inc,Lesliehaven,2.9,32,writer,later,90626,"Stevenson, Parker and Flowers",Port Parkerton
69,345,2025-02-16,59805,Freeman-Hudson,Valenzuelaton,3.7,33,deal,base,36864,Horton Ltd,Michaelbury
27,296,2025-02-18,35827,Brown Inc,New Jennifertown,3.5,6,line,animal,60722,Webster and Sons,Valenciaburgh
86,66,2025-02-07,77265,"Olsen, Stanley and Wright",West Christophertown,4.2,28,address,guess,71445,Mcdonald and Sons,Beckerberg
32,34,2025-02-03,60452,Bradley-Weaver,Hodgesview,3.1,39,coach,kid,48337,Bray Group,West Heather
86,130,2025-01-26,63985,"Olsen, Stanley and Wright",West Christophertown,4.2,28,others,those,52324,Mcdonald and Sons,Beckerberg
51,119,2025-02-18,91118,"Sanchez, Hayden and Brown",South Isaac,3.6,11,effect,nor,28162,Adams Ltd,East Tinachester
54,97,2025-02-20,37645,"Clark, Nguyen and Oneill",Jenniferville,4.1,17,book,rich,25451,Parks and Sons,New Megan
65,82,2025-01-31,96498,Oliver-Kidd,Espinozafurt,3.4,36,right,bit,79874,Mitchell Group,Lindseyview
50,37,2025-02-06,60605,"Lee, Russell and Garrett",Obrienside,4.0,34,three,Republican,81216,Williams-Orozco,West Evelyn
96,92,2025-01-28,10473,Moss-Peck,Natashaview,4.2,46,strong,allow,16559,Berry-Gibbs,East James
49,416,2025-02-01,22143,Roberts and Sons,West Deanna,2.4,36,Democrat,by,94270,Mitchell Group,Lindseyview
88,381,2025-02-08,71752,Perez PLC,Lake Sarah,1.6,6,majority,per,18153,Webster and Sons,Valenciaburgh
7,335,2025-02-07,57214,"Henderson, Walker and Parker",West Stephanieville,4.1,20,industry,report,27297,Freeman Ltd,Lake Hunterbury
45,198,2025-02-10,11279,"Alvarez, Kelley and Chavez",Mitchellborough,1.3,6,age,effort,88628,Webster and Sons,Valenciaburgh
83,92,2025-02-15,61926,"Mccarthy, King and Thomas",Bennettbury,1.7,46,strong,allow,16559,Berry-Gibbs,East James
78,309,2025-02-05,92558,Smith-Macdonald,Shirleyside,3.1,29,free,modern,47659,"Spears, Silva and Jones",Pattersonchester
40,54,2025-01-03,19007,"Bridges, Hahn and Rodriguez",Bullockchester,2.6,27,maybe,friend,58499,"Hawkins, Gonzalez and Ramirez",South April
66,187,2025-02-18,71735,Phillips Ltd,South Tonytown,3.9,18,citizen,way,56819,Price LLC,New Josephmouth
95,33,2025-02-11,43899,Boyd Ltd,Lake Sean,1.4,15,several,well,22453,Shaw-King,West Maryside
57,390,2025-02-22,16165,"Hansen, Bates and Carson",South Jamieshire,4.9,4,skin,product,72914,Dalton LLC,South Sandra
59,329,2025-01-08,64645,Atkinson Ltd,Reedview,3.0,10,lot,whole,86025,Duke Inc,West Christopher
80,103,2025-02-01,81113,"Bradley, Stevens and Matthews",Jennyville,2.4,3,future,direction,88528,"Brown, Potter and Wade",Kylemouth
65,235,2025-02-07,20234,Oliver-Kidd,Espinozafurt,3.4,36,public,inside,42204,Mitchell Group,Lindseyview
7,233,2025-01-17,66521,"Henderson, Walker and Parker",West Stephanieville,4.1,20,treat,life,59991,Freeman Ltd,Lake Hunterbury
29,478,2025-01-04,56124,"Shah, Lara and Patel",Popeshire,1.2,30,difference,still,12491,Smith-Anderson,New Georgefort
6,190,2025-01-14,56292,Williams and Sons,New Markbury,4.3,48,reality,industry,20777,"Williams, Gomez and Clark",Patriciastad
59,119,2025-02-18,55639,Atkinson Ltd,Reedview,3.0,10,effect,nor,28162,Duke Inc,West Christopher
20,105,2025-02-19,88224,"Cooper, Santana and Patel",Jimenezbury,2.8,3,still,rest,80273,"Brown, Potter and Wade",Kylemouth
3,481,2025-01-25,97765,"Sanders, Jacobs and Cunningham",East Kimberlychester,3.8,30,personal,agent,52062,Smith-Anderson,New Georgefort
9,314,2025-01-19,85985,"Parsons, Long and Richardson",Livingstonmouth,2.7,49,allow,glass,48668,Hicks and Sons,Port Robert
81,179,2025-02-02,17993,"Hull, Walker and Anderson",Lake Beth,3.2,43,among,less,62200,Farrell-Payne,Carpenterstad
73,250,2025-02-08,61709,Jones Group,East Stacey,2.1,44,wall,gas,96494,"Young, Smith and Dyer",South Brandonbury
97,434,2025-02-08,96077,"Tapia, Moore and Bryant",Lake Angelmouth,2.2,10,article,several,14368,Duke Inc,West Christopher
51,95,2025-02-13,60550,"Sanchez, Hayden and Brown",South Isaac,3.6,11,toward,what,18306,Adams Ltd,East Tinachester
41,140,2025-01-06,13712,"Walker, Fuentes and Vaughan",New Robertmouth,3.4,9,money,between,22079,Gardner-Hall,Lake Jamie
44,277,2025-02-08,70756,"Burch, Lopez and Campos",Gilbertville,4.4,37,election,watch,25019,Flores Ltd,Kellyport
71,495,2025-01-10,71054,"Johnston, Ward and Farrell",Port Douglaston,2.2,26,study,employee,37877,Martin Inc,New Samanthaside
54,51,2025-01-02,75728,"Clark, Nguyen and Oneill",Jenniferville,4.1,17,least,investment,94072,Parks and Sons,New Megan
5,411,2025-01-29,70338,Michael-Williams,Port Denise,4.3,36,determine,song,80515,Mitchell Group,Lindseyview
26,462,2025-01-02,43077,Estes Inc,Lesliehaven,2.9,32,way,will,49812,"Stevenson, Parker and Flowers",Port Parkerton
13,179,2025-01-04,86310,Thompson-Jimenez,Hughesborough,2.1,30,among,less,62200,Smith-Anderson,New Georgefort
77,141,2025-01-31,48003,Middleton-Gibson,East Kevin,3.6,43,inside,method,37671,Farrell-Payne,Carpenterstad
80,127,2025-01-26,47742,"Bradley, Stevens and Matthews",Jennyville,2.4,3,site,trouble,34682,"Brown, Potter and Wade",Kylemouth
28,46,2025-01-11,52103,Ward-Boyd,Michaelborough,4.1,25,summer,wait,52902,"Maddox, Long and Blackburn",North Nicole
64,143,2025-01-06,56932,Cunningham Group,Nelsonburgh,3.5,2,old,forward,29939,Ryan and Sons,Skinnermouth
80,308,2025-02-12,94632,"Bradley, Stevens and Matthews",Jennyville,2.4,3,piece,most,12360,"Brown, Potter and Wade",Kylemouth
29,416,2025-01-25,68906,"Shah, Lara and Patel",Popeshire,1.2,30,Democrat,by,94270,Smith-Anderson,New Georgefort
7,26,2025-02-17,84803,"Henderson, Walker and Parker",West Stephanieville,4.1,20,store,because,35253,Freeman Ltd,Lake Hunterbury
15,328,2025-02-12,74810,"Mcbride, Williams and Davis",Lake Lisaborough,2.1,3,standard,great,53554,"Brown, Potter and Wade",Kylemouth
2,110,2025-01-28,35812,"Young, Watson and Martin",Donnaton,4.1,32,last,green,33920,"Stevenson, Parker and Flowers",Port Parkerton
86,329,2025-01-26,67191,"Olsen, Stanley and Wright",West Christophertown,4.2,28,lot,whole,86025,Mcdonald and Sons,Beckerberg
52,132,2025-02-15,46980,Miller-Cross,East Jason,4.3,1,check,house,69059,"Lee, Flowers and Garcia",Kingville
9,364,2025-02-13,98256,"Parsons, Long and Richardson",Livingstonmouth,2.7,49,fight,human,42634,Hicks and Sons,Port Robert
75,226,2025-02-05,84594,Patterson Group,North Julieborough,4.6,49,still,relate,24914,Hicks and Sons,Port Robert
88,232,2025-01-24,37112,Perez PLC,Lake Sarah,1.6,6,phone,building,63314,Webster and Sons,Valenciaburgh
74,184,2025-01-04,78187,Wright-Anderson,New Terryville,1.7,45,inside,produce,12795,Brock Group,West Jennifer
60,466,2025-01-24,26049,"Schroeder, Romero and Mullins",East Ashley,3.5,19,individual,why,32286,Thomas Ltd,West Katrinastad
61,84,2025-01-04,60661,Morris LLC,Herreraburgh,4.7,45,member,nation,58041,Brock Group,West Jennifer
42,48,2025-02-17,13615,Grant-Ellis,New Laurenside,1.3,21,suddenly,pay,74187,Carlson Inc,South Adam
82,331,2025-02-01,99620,Jordan LLC,New Lynn,2.4,14,to,skin,62201,"Green, Anderson and Contreras",Port Michele
80,11,2025-02-15,20520,"Bradley, Stevens and Matthews",Jennyville,2.4,3,travel,mission,95136,"Brown, Potter and Wade",Kylemouth
26,91,2025-01-05,20399,Estes Inc,Lesliehaven,2.9,32,recognize,country,11117,"Stevenson, Parker and Flowers",Port Parkerton
84,194,2025-02-07,93410,"Taylor, Green and Duncan",South Brianburgh,2.3,26,discover,her,46331,Martin Inc,New Samanthaside
8,69,2025-01-22,23939,"Jones, Ellis and Raymond",Joshuastad,4.4,44,again,pass,28014,"Young, Smith and Dyer",South Brandonbury
71,74,2025-02-20,28559,"Johnston, Ward and Farrell",Port Douglaston,2.2,26,husband,authority,61972,Martin Inc,New Samanthaside
64,1,2025-01-12,52785,Cunningham Group,Nelsonburgh,3.5,2,dark,together,63841,Ryan and Sons,Skinnermouth
93,119,2025-02-22,85087,"Hill, Daugherty and Lynch",West Richard,1.5,13,effect,nor,28162,Cox-Montgomery,Ginastad
93,81,2025-01-08,63778,"Hill, Daugherty and Lynch",West Richard,1.5,13,mouth,teach,10798,Cox-Montgomery,Ginastad
35,45,2025-01-02,91322,"Rivers, Carter and Perez",Clarkberg,2.9,25,take,after,36535,"Maddox, Long and Blackburn",North Nicole
90,68,2025-02-17,84034,Garcia LLC,Lake Johnfurt,4.3,42,something,night,41691,Jimenez-Sanders,West Jose
33,340,2025-01-18,73422,"Moore, Davis and Mendoza",Laurashire,1.9,24,feel,morning,48156,Quinn-Mitchell,East Kimberly
9,416,2025-02-17,63886,"Parsons, Long and Richardson",Livingstonmouth,2.7,49,Democrat,by,94270,Hicks and Sons,Port Robert
68,366,2025-01-28,62884,Riley-Guerrero,New Jamesstad,2.8,10,good,forward,21835,Duke Inc,West Christopher
32,474,2025-01-01,28675,Bradley-Weaver,Hodgesview,3.1,39,matter,opportunity,46090,Bray Group,West Heather
30,423,2025-02-11,20330,"Martinez, Andrews and Rodriguez",West Cristina,1.3,23,decade,interest,90866,Dalton-Long,Caseborough
37,469,2025-01-24,57456,Shaw-Medina,Anthonyview,4.7,32,their,last,32841,"Stevenson, Parker and Flowers",Port Parkerton
9,391,2025-02-09,22832,"Parsons, Long and Richardson",Livingstonmouth,2.7,49,dream,imagine,39402,Hicks and Sons,Port Robert
90,43,2025-01-12,85485,Garcia LLC,Lake Johnfurt,4.3,42,data,avoid,95353,Jimenez-Sanders,West Jose
100,11,2025-02-21,32271,"Howell, Brown and Jones",Heidistad,1.3,16,travel,mission,95136,"Watson, Frazier and Jones",Hubershire
30,74,2025-02-16,90097,"Martinez, Andrews and Rodriguez",West Cristina,1.3,23,husband,authority,61972,Dalton-Long,Caseborough
75,365,2025-02-16,12271,Patterson Group,North Julieborough,4.6,49,stage,development,27833,Hicks and Sons,Port Robert
3,125,2025-02-03,34822,"Sanders, Jacobs and Cunningham",East Kimberlychester,3.8,30,still,then,76242,Smith-Anderson,New Georgefort
55,54,2025-01-19,10118,Carroll Group,East Matthewport,3.9,25,maybe,friend,58499,"Maddox, Long and Blackburn",North Nicole
15,249,2025-02-10,30061,"Mcbride, Williams and Davis",Lake Lisaborough,2.1,3,vote,into,60368,"Brown, Potter and Wade",Kylemouth
64,347,2025-02-20,91604,Cunningham Group,Nelsonburgh,3.5,2,find,positive,47956,Ryan and Sons,Skinnermouth
38,322,2025-01-06,20012,"Shields, Singleton and Ward",New Danielle,2.1,39,main,peace,86973,Bray Group,West Heather
85,15,2025-02-02,62746,Smith Group,Yolandastad,4.8,16,less,which,41141,"Watson, Frazier and Jones",Hubershire
21,326,2025-01-22,79103,"Washington, Mills and Evans",East Eddieshire,1.5,24,allow,base,74332,Quinn-Mitchell,East Kimberly
98,353,2025-01-01,40747,Edwards-Sutton,East Stephanie,1.4,16,affect,military,29634,"Watson, Frazier and Jones",Hubershire
73,91,2025-01-26,45630,Jones Group,East Stacey,2.1,44,recognize,country,11117,"Young, Smith and Dyer",South Brandonbury
36,107,2025-01-24,85674,"Manning, Maddox and Cabrera",East Amy,2.3,2,air,friend,29464,Ryan and Sons,Skinnermouth
99,410,2025-01-01,78901,"Flores, Phillips and Rojas",New Sarah,3.9,33,continue,on,52229,Horton Ltd,Michaelbury
29,385,2025-01-23,21626,"Shah, Lara and Patel",Popeshire,1.2,30,full,speech,34772,Smith-Anderson,New Georgefort
63,165,2025-01-19,32574,Briggs and Sons,East Robertton,3.6,38,few,change,70108,Potter Ltd,Michelletown
27,370,2025-02-11,44502,Brown Inc,New Jennifertown,3.5,6,tonight,ten,49030,Webster and Sons,Valenciaburgh
40,28,2025-01-24,98693,"Bridges, Hahn and Rodriguez",Bullockchester,2.6,27,many,my,94191,"Hawkins, Gonzalez and Ramirez",South April
26,102,2025-01-18,97201,Estes Inc,Lesliehaven,2.9,32,improve,wrong,67202,"Stevenson, Parker and Flowers",Port Parkerton
49,53,2025-01-17,30544,Roberts and Sons,West Deanna,2.4,36,result,make,20510,Mitchell Group,Lindseyview
61,115,2025-01-16,88905,Morris LLC,Herreraburgh,4.7,45,consider,support,80039,Brock Group,West Jennifer
4,183,2025-01-19,32627,"Gutierrez, Griffin and Tucker",Shannonchester,3.8,36,church,relate,52353,Mitchell Group,Lindseyview
93,14,2025-01-01,34564,"Hill, Daugherty and Lynch",West Richard,1.5,13,chair,country,99705,Cox-Montgomery,Ginastad
1,430,2025-01-29,43827,"Murphy, Bell and Sanford",Lake Taylorville,1.7,33,year,may,72239,Horton Ltd,Michaelbury
8,55,2025-01-24,75068,"Jones, Ellis and Raymond",Joshuastad,4.4,44,buy,seven,81580,"Young, Smith and Dyer",South Brandonbury
91,250,2025-02-09,16255,Oliver PLC,Port Paul,4.3,3,wall,gas,96494,"Brown, Potter and Wade",Kylemouth
29,70,2025-01-31,37579,"Shah, Lara and Patel",Popeshire,1.2,30,interesting,yes,19686,Smith-Anderson,New Georgefort
28,154,2025-01-19,96940,Ward-Boyd,Michaelborough,4.1,25,attack,become,25508,"Maddox, Long and Blackburn",North Nicole
40,45,2025-01-13,76807,"Bridges, Hahn and Rodriguez",Bullockchester,2.6,27,take,after,36535,"Hawkins, Gonzalez and Ramirez",South April
28,468,2025-01-08,11514,Ward-Boyd,Michaelborough,4.1,25,pressure,here,17194,"Maddox, Long and Blackburn",North Nicole
56,273,2025-01-13,15277,"Mosley, Huff and Benson",Billyville,1.3,28,record,animal,84474,Mcdonald and Sons,Beckerberg
49,152,2025-01-27,42270,Roberts and Sons,West Deanna,2.4,36,specific,own,52183,Mitchell Group,Lindseyview
84,445,2025-01-10,42507,"Taylor, Green and Duncan",South Brianburgh,2.3,26,fly,interesting,60158,Martin Inc,New Samanthaside
88,118,2025-02-18,25123,Perez PLC,Lake Sarah,1.6,6,how,near,50350,Webster and Sons,Valenciaburgh
62,446,2025-01-19,32239,Harris PLC,Jamesfurt,1.7,12,cup,view,14785,Sullivan and Sons,Kaufmanland
95,170,2025-02-04,12444,Boyd Ltd,Lake Sean,1.4,15,look,organization,38101,Shaw-King,West Maryside
41,69,2025-02-15,40716,"Walker, Fuentes and Vaughan",New Robertmouth,3.4,9,again,pass,28014,Gardner-Hall,Lake Jamie
73,223,2025-02-16,26428,Jones Group,East Stacey,2.1,44,animal,natural,21866,"Young, Smith and Dyer",South Brandonbury
91,174,2025-02-22,36407,Oliver PLC,Port Paul,4.3,3,along,truth,61475,"Brown, Potter and Wade",Kylemouth
95,347,2025-01-08,39858,Boyd Ltd,Lake Sean,1.4,15,find,positive,47956,Shaw-King,West Maryside
83,131,2025-01-08,40637,"Mccarthy, King and Thomas",Bennettbury,1.7,46,establish,take,14243,Berry-Gibbs,East James
1,304,2025-01-15,10965,"Murphy, Bell and Sanford",Lake Taylorville,1.7,33,thought,guy,18122,Horton Ltd,Michaelbury
67,7,2025-01-09,15233,Lambert-Whitney,Downsborough,3.5,24,head,other,59320,Quinn-Mitchell,East Kimberly
4,368,2025-01-08,65176,"Gutierrez, Griffin and Tucker",Shannonchester,3.8,36,energy,western,39330,Mitchell Group,Lindseyview
97,131,2025-01-16,10294,"Tapia, Moore and Bryant",Lake Angelmouth,2.2,10,establish,take,14243,Duke Inc,West Christopher
1,54,2025-02-11,33941,"Murphy, Bell and Sanford",Lake Taylorville,1.7,33,maybe,friend,58499,Horton Ltd,Michaelbury
21,286,2025-01-19,70273,"Washington, Mills and Evans",East Eddieshire,1.5,24,one,that,53330,Quinn-Mitchell,East Kimberly
38,98,2025-02-13,31040,"Shields, Singleton and Ward",New Danielle,2.1,39,nice,a,38511,Bray Group,West Heather
100,116,2025-02-10,91606,"Howell, Brown and Jones",Heidistad,1.3,16,economic,amount,61037,"Watson, Frazier and Jones",Hubershire
59,238,2025-02-18,25732,Atkinson Ltd,Reedview,3.0,10,dog,too,67634,Duke Inc,West Christopher
91,250,2025-02-09,82146,Oliver PLC,Port Paul,4.3,3,wall,gas,96494,"Brown, Potter and Wade",Kylemouth
62,267,2025-02-15,39098,Harris PLC,Jamesfurt,1.7,12,goal,face,42150,Sullivan and Sons,Kaufmanland
41,70,2025-01-30,95340,"Walker, Fuentes and Vaughan",New Robertmouth,3.4,9,interesting,yes,19686,Gardner-Hall,Lake Jamie
50,442,2025-01-09,19987,"Lee, Russell and Garrett",Obrienside,4.0,34,head,type,21010,Williams-Orozco,West Evelyn
84,384,2025-01-26,26661,"Taylor, Green and Duncan",South Brianburgh,2.3,26,decision,campaign,46080,Martin Inc,New Samanthaside
5,266,2025-01-16,64323,Michael-Williams,Port Denise,4.3,36,lot,shoulder,76536,Mitchell Group,Lindseyview
9,308,2025-01-05,62526,"Parsons, Long and Richardson",Livingstonmouth,2.7,49,piece,most,12360,Hicks and Sons,Port Robert
29,441,2025-01-18,66194,"Shah, Lara and Patel",Popeshire,1.2,30,artist,avoid,39627,Smith-Anderson,New Georgefort
88,381,2025-01-10,78056,Perez PLC,Lake Sarah,1.6,6,majority,per,18153,Webster and Sons,Valenciaburgh
72,189,2025-02-17,51011,"Meyer, Howard and Reyes",Rubentown,1.1,30,camera,computer,88092,Smith-Anderson,New Georgefort
62,356,2025-02-13,68844,Harris PLC,Jamesfurt,1.7,12,clearly,oil,83070,Sullivan and Sons,Kaufmanland
81,156,2025-01-20,12581,"Hull, Walker and Anderson",Lake Beth,3.2,43,human,focus,71828,Farrell-Payne,Carpenterstad
10,56,2025-01-06,24446,Diaz PLC,Petershire,3.1,11,sort,this,82579,Adams Ltd,East Tinachester
51,297,2025-01-17,46144,"Sanchez, Hayden and Brown",South Isaac,3.6,11,start,PM,98008,Adams Ltd,East Tinachester
27,429,2025-02-09,92448,Brown Inc,New Jennifertown,3.5,6,affect,save,87272,Webster and Sons,Valenciaburgh
98,199,2025-01-08,58188,Edwards-Sutton,East Stephanie,1.4,16,south,late,56395,"Watson, Frazier and Jones",Hubershire
67,410,2025-02-05,69951,Lambert-Whitney,Downsborough,3.5,24,continue,on,52229,Quinn-Mitchell,East Kimberly
48,83,2025-02-11,10476,"Lowery, Larson and King",New Joshuaburgh,4.1,32,trade,arm,85004,"Stevenson, Parker and Flowers",Port Parkerton
40,137,2025-02-20,51270,"Bridges, Hahn and Rodriguez",Bullockchester,2.6,27,then,above,32023,"Hawkins, Gonzalez and Ramirez",South April
7,166,2025-01-21,16838,"Henderson, Walker and Parker",West Stephanieville,4.1,20,head,data,31726,Freeman Ltd,Lake Hunterbury
79,403,2025-02-01,67959,Campos-Sharp,Port Carla,3.1,10,body,hospital,24456,Duke Inc,West Christopher
38,399,2025-01-19,34724,"Shields, Singleton and Ward",New Danielle,2.1,39,easy,the,41190,Bray Group,West Heather
6,414,2025-01-07,52633,Williams and Sons,New Markbury,4.3,48,strong,party,59814,"Williams, Gomez and Clark",Patriciastad
61,95,2025-02-16,63333,Morris LLC,Herreraburgh,4.7,45,toward,what,18306,Brock Group,West Jennifer
28,52,2025-01-28,38468,Ward-Boyd,Michaelborough,4.1,25,account,purpose,19248,"Maddox, Long and Blackburn",North Nicole
35,139,2025-01-11,17523,"Rivers, Carter and Perez",Clarkberg,2.9,25,program,strong,77810,"Maddox, Long and Blackburn",North Nicole
9,85,2025-02-17,55764,"Parsons, Long and Richardson",Livingstonmouth,2.7,49,our,bring,83835,Hicks and Sons,Port Robert
46,308,2025-02-07,20877,Skinner-Owens,West Lindsey,1.2,41,piece,most,12360,Vasquez PLC,West Kelseyside
14,163,2025-01-10,46160,Johnston Group,East Justinbury,2.2,32,technology,education,37513,"Stevenson, Parker and Flowers",Port Parkerton
77,92,2025-02-20,55905,Middleton-Gibson,East Kevin,3.6,43,strong,allow,16559,Farrell-Payne,Carpenterstad
32,457,2025-01-12,53484,Bradley-Weaver,Hodgesview,3.1,39,wear,central,72572,Bray Group,West Heather
76,33,2025-02-10,43254,"Delgado, Chambers and Smith",Port Rodney,4.0,1,several,well,22453,"Lee, Flowers and Garcia",Kingville
57,130,2025-02-18,58194,"Hansen, Bates and Carson",South Jamieshire,4.9,4,others,those,52324,Dalton LLC,South Sandra
83,262,2025-02-05,48683,"Mccarthy, King and Thomas",Bennettbury,1.7,46,everything,once,65684,Berry-Gibbs,East James
87,325,2025-01-27,73482,"Frey, Moody and Williams",East Emily,2.4,42,visit,ten,76969,Jimenez-Sanders,West Jose
22,250,2025-01-30,29917,Cain-Burnett,North Adrian,4.3,44,wall,gas,96494,"Young, Smith and Dyer",South Brandonbury
33,241,2025-01-25,88728,"Moore, Davis and Mendoza",Laurashire,1.9,24,enough,responsibility,65796,Quinn-Mitchell,East Kimberly
62,158,2025-02-21,71535,Harris PLC,Jamesfurt,1.7,12,system,paper,72019,Sullivan and Sons,Kaufmanland
97,453,2025-01-24,22852,"Tapia, Moore and Bryant",Lake Angelmouth,2.2,10,and,model,11543,Duke Inc,West Christopher
10,342,2025-01-14,87019,Diaz PLC,Petershire,3.1,11,compare,traditional,22547,Adams Ltd,East Tinachester
68,381,2025-01-04,57543,Riley-Guerrero,New Jamesstad,2.8,10,majority,per,18153,Duke Inc,West Christopher
77,24,2025-01-22,49594,Middleton-Gibson,East Kevin,3.6,43,deal,suddenly,87771,Farrell-Payne,Carpenterstad
13,456,2025-02-15,38698,Thompson-Jimenez,Hughesborough,2.1,30,water,either,29729,Smith-Anderson,New Georgefort
46,191,2025-02-12,62696,Skinner-Owens,West Lindsey,1.2,41,power,process,83697,Vasquez PLC,West Kelseyside
86,102,2025-02-10,27009,"Olsen, Stanley and Wright",West Christophertown,4.2,28,improve,wrong,67202,Mcdonald and Sons,Beckerberg
75,193,2025-01-12,20303,Patterson Group,North Julieborough,4.6,49,factor,man,26825,Hicks and Sons,Port Robert
70,170,2025-02-17,13450,"Jordan, Evans and Wilkerson",Paigeview,4.8,3,look,organization,38101,"Brown, Potter and Wade",Kylemouth
20,379,2025-01-11,15871,"Cooper, Santana and Patel",Jimenezbury,2.8,3,democratic,magazine,93306,"Brown, Potter and Wade",Kylemouth
94,2,2025-01-24,76605,Joseph and Sons,Lake Andrea,4.8,40,able,standard,96642,Williams Inc,New Brittanyburgh
43,170,2025-01-16,93011,"Miller, Howell and Bryant",Toddview,4.7,1,look,organization,38101,"Lee, Flowers and Garcia",Kingville
85,185,2025-01-14,19105,Smith Group,Yolandastad,4.8,16,politics,project,98751,"Watson, Frazier and Jones",Hubershire
72,23,2025-01-10,40304,"Meyer, Howard and Reyes",Rubentown,1.1,30,either,put,67689,Smith-Anderson,New Georgefort
40,184,2025-01-11,53348,"Bridges, Hahn and Rodriguez",Bullockchester,2.6,27,inside,produce,12795,"Hawkins, Gonzalez and Ramirez",South April
93,88,2025-02-10,55111,"Hill, Daugherty and Lynch",West Richard,1.5,13,player,remember,45806,Cox-Montgomery,Ginastad
55,367,2025-01-16,78013,Carroll Group,East Matthewport,3.9,25,its,their,97627,"Maddox, Long and Blackburn",North Nicole
11,131,2025-01-08,85496,"Johnson, Fitzpatrick and Luna",Gonzalezburgh,1.3,21,establish,take,14243,Carlson Inc,South Adam
41,172,2025-02-08,30604,"Walker, Fuentes and Vaughan",New Robertmouth,3.4,9,up,gas,72513,Gardner-Hall,Lake Jamie
71,240,2025-01-29,38842,"Johnston, Ward and Farrell",Port Douglaston,2.2,26,think,eat,33051,Martin Inc,New Samanthaside
8,460,2025-02-18,73403,"Jones, Ellis and Raymond",Joshuastad,4.4,44,available,both,84158,"Young, Smith and Dyer",South Brandonbury
40,158,2025-02-02,28226,"Bridges, Hahn and Rodriguez",Bullockchester,2.6,27,system,paper,72019,"Hawkins, Gonzalez and Ramirez",South April
68,48,2025-01-28,77133,Riley-Guerrero,New Jamesstad,2.8,10,suddenly,pay,74187,Duke Inc,West Christopher
49,327,2025-02-08,33656,Roberts and Sons,West Deanna,2.4,36,phone,matter,80080,Mitchell Group,Lindseyview
64,192,2025-02-13,11081,Cunningham Group,Nelsonburgh,3.5,2,all,gun,60653,Ryan and Sons,Skinnermouth
32,90,2025-01-29,28148,Bradley-Weaver,Hodgesview,3.1,39,big,table,82403,Bray Group,West Heather
28,190,2025-02-21,83097,Ward-Boyd,Michaelborough,4.1,25,reality,industry,20777,"Maddox, Long and Blackburn",North Nicole
16,102,2025-01-27,51746,"Baker, Smith and Cochran",East Lori,1.0,32,improve,wrong,67202,"Stevenson, Parker and Flowers",Port Parkerton
33,21,2025-01-11,58724,"Moore, Davis and Mendoza",Laurashire,1.9,24,hotel,then,53468,Quinn-Mitchell,East Kimberly
2,74,2025-02-09,76046,"Young, Watson and Martin",Donnaton,4.1,32,husband,authority,61972,"Stevenson, Parker and Flowers",Port Parkerton
80,132,2025-02-01,96585,"Bradley, Stevens and Matthews",Jennyville,2.4,3,check,house,69059,"Brown, Potter and Wade",Kylemouth
12,250,2025-02-19,99967,"Johnston, Alexander and Matthews",Barberside,3.3,37,wall,gas,96494,Flores Ltd,Kellyport
82,74,2025-01-23,81950,Jordan LLC,New Lynn,2.4,14,husband,authority,61972,"Green, Anderson and Contreras",Port Michele
47,462,2025-01-29,21704,Scott-Hudson,Raymondhaven,1.4,23,way,will,49812,Dalton-Long,Caseborough
87,479,2025-01-16,73859,"Frey, Moody and Williams",East Emily,2.4,42,memory,effort,98511,Jimenez-Sanders,West Jose
79,130,2025-02-01,79920,Campos-Sharp,Port Carla,3.1,10,others,those,52324,Duke Inc,West Christopher
62,178,2025-01-11,65189,Harris PLC,Jamesfurt,1.7,12,either,surface,20842,Sullivan and Sons,Kaufmanland
43,42,2025-01-06,43700,"Miller, Howell and Bryant",Toddview,4.7,1,song,food,84014,"Lee, Flowers and Garcia",Kingville
86,294,2025-02-02,77437,"Olsen, Stanley and Wright",West Christophertown,4.2,28,yes,open,77107,Mcdonald and Sons,Beckerberg
86,342,2025-01-11,30943,"Olsen, Stanley and Wright",West Christophertown,4.2,28,compare,traditional,22547,Mcdonald and Sons,Beckerberg
86,280,2025-02-17,90886,"Olsen, Stanley and Wright",West Christophertown,4.2,28,run,staff,27546,Mcdonald and Sons,Beckerberg
86,194,2025-01-30,75987,"Olsen, Stanley and Wright",West Christophertown,4.2,28,discover,her,46331,Mcdonald and Sons,Beckerberg
12,181,2025-01-28,31185,"Johnston, Alexander and Matthews",Barberside,3.3,37,hit,treatment,73731,Flores Ltd,Kellyport
90,363,2025-01-24,41751,Garcia LLC,Lake Johnfurt,4.3,42,change,others,96723,Jimenez-Sanders,West Jose
94,211,2025-02-13,33393,Joseph and Sons,Lake Andrea,4.8,40,own,tree,41542,Williams Inc,New Brittanyburgh
26,363,2025-02-11,77901,Estes Inc,Lesliehaven,2.9,32,change,others,96723,"Stevenson, Parker and Flowers",Port Parkerton
45,164,2025-02-13,92272,"Alvarez, Kelley and Chavez",Mitchellborough,1.3,6,record,fall,33577,Webster and Sons,Valenciaburgh
14,408,2025-01-29,48753,Johnston Group,East Justinbury,2.2,32,fire,candidate,62741,"Stevenson, Parker and Flowers",Port Parkerton
84,43,2025-01-14,26679,"Taylor, Green and Duncan",South Brianburgh,2.3,26,data,avoid,95353,Martin Inc,New Samanthaside
39,233,2025-02-13,17096,"Lynch, Thompson and Farmer",North Christopherchester,4.7,47,treat,life,59991,"Welch, Brown and Haynes",New Victoria
69,170,2025-02-05,34731,Freeman-Hudson,Valenzuelaton,3.7,33,look,organization,38101,Horton Ltd,Michaelbury
56,345,2025-01-24,10774,"Mosley, Huff and Benson",Billyville,1.3,28,deal,base,36864,Mcdonald and Sons,Beckerberg
51,329,2025-01-14,34156,"Sanchez, Hayden and Brown",South Isaac,3.6,11,lot,whole,86025,Adams Ltd,East Tinachester
29,398,2025-01-22,80356,"Shah, Lara and Patel",Popeshire,1.2,30,partner,authority,92245,Smith-Anderson,New Georgefort
56,418,2025-01-24,51377,"Mosley, Huff and Benson",Billyville,1.3,28,mean,eat,57558,Mcdonald and Sons,Beckerberg
90,439,2025-02-07,76843,Garcia LLC,Lake Johnfurt,4.3,42,right,final,55055,Jimenez-Sanders,West Jose
60,343,2025-01-14,96473,"Schroeder, Romero and Mullins",East Ashley,3.5,19,citizen,system,98513,Thomas Ltd,West Katrinastad
24,153,2025-02-12,37397,Gonzalez PLC,North Amyview,4.0,19,idea,seek,35817,Thomas Ltd,West Katrinastad
10,158,2025-01-13,25756,Diaz PLC,Petershire,3.1,11,system,paper,72019,Adams Ltd,East Tinachester
10,157,2025-01-03,98659,Diaz PLC,Petershire,3.1,11,like,top,58504,Adams Ltd,East Tinachester
2,85,2025-02-09,86666,"Young, Watson and Martin",Donnaton,4.1,32,our,bring,83835,"Stevenson, Parker and Flowers",Port Parkerton
28,264,2025-01-18,39193,Ward-Boyd,Michaelborough,4.1,25,treat,large,33768,"Maddox, Long and Blackburn",North Nicole
31,188,2025-01-11,12784,Jensen-Hernandez,Lake Shelby,5.0,24,seem,we,35460,Quinn-Mitchell,East Kimberly
94,404,2025-01-10,57701,Joseph and Sons,Lake Andrea,4.8,40,part,this,43630,Williams Inc,New Brittanyburgh
49,92,2025-01-12,71705,Roberts and Sons,West Deanna,2.4,36,strong,allow,16559,Mitchell Group,Lindseyview
3,5,2025-01-15,15146,"Sanders, Jacobs and Cunningham",East Kimberlychester,3.8,30,quickly,sing,63141,Smith-Anderson,New Georgefort
95,260,2025-01-13,26179,Boyd Ltd,Lake Sean,1.4,15,response,key,83282,Shaw-King,West Maryside
